transcript,VHmode,Hmode,Nmode,Lmode
AT1G03987.1,NA,NA,NA,179;215
AT1G04003.1,NA,30,,
AT1G04017.1,89;131,,215,161;182
AT1G04023.1,275;281,,178;289,192
AT1G04033.1,NA,21;342,11,160
AT1G04037.1,NA,NA,NA,NA
AT1G04063.1,NA,74;396,,458
AT1G04087.1,NA,190,,11;196;198
AT1G04093.1,176,,75;450,165;177;362
AT1G04127.1,NA,NA,116;124,136
AT1G04133.1,NA,46;79;157;198;265,29;236,178
AT1G04137.1,NA,453,,
AT1G04143.1,NA,289,238,7
AT1G04167.1,NA,NA,45;72,201
AT1G04173.1,127,,,173
AT1G04177.1,103;172,230,,174;226
AT1G04203.1,NA,76,42;91,97
AT1G04207.1,NA,NA,NA,178
AT1G04243.1,NA,NA,NA,99
AT1G04253.1,226;357,83;103;182;217;330,98,351
AT1G04257.1,NA,60,119,34;40;168;176
AT1G04283.1,NA,139,,
AT1G04287.1,50,247,193;256,7;38;78
AT1G04293.1,NA,120,,47;122;235
AT1G04307.1,NA,386,,316
AT1G04313.1,NA,NA,97;192,281
AT1G04323.1,96,11,109;189,129
AT1G04327.1,NA,31;116,168,
AT1G04333.1,NA,28,173;232;291,6;29;47;189
AT1G04337.1,NA,NA,NA,31;177;196
AT1G04357.1,406,453;497,397;483,460
AT1G04363.1,165;171,,,267
AT1G04367.1,200,24;346,382;503;529;589,231;265
AT1G04373.1,NA,136,46;168,
AT1G04377.1,127,194,,17
AT1G04383.1,NA,NA,NA,41
AT1G04387.1,NA,303;358,6;173;196;221;257;290;300;351;353;355,175;241;263;306;348;446
AT1G04397.1,29;166,19,143,133
AT1G04403.1,194,201,55,9;15
AT1G04407.1,156,73;106;150;230,8;19;27;153,
AT1G04427.1,NA,NA,203,
AT1G04443.1,NA,233,148,191
AT1G04447.1,NA,9;10,,56;244
AT1G04453.1,22;255;382,218;284;296;338;451,131;230;306;340;370,251;294;431
AT1G04493.1,NA,15,258,16;200
AT1G04497.1,NA,NA,NA,67
AT1G04523.1,NA,NA,NA,NA
AT1G04557.1,NA,NA,NA,NA
AT1G04563.1,NA,NA,107,24;100
AT1G04573.1,NA,15,,82
AT1G04593.1,168,162,243;333,148;209;362
AT1G04597.1,NA,NA,57;85;168,
AT1G04603.1,336,,119;352;436;440;466,120;228;229
AT1G04607.1,12;228;333,6;108;114;182;369,297,165
AT1G04623.1,39,,187,195;229
AT1G04653.1,NA,NA,185,
AT1G04657.1,NA,32,,
AT1G04667.1,84,,269;278;345,138;334
AT1G04673.1,NA,112,118,110
AT1G04677.1,67,221,,63
AT1G04683.1,NA,185;195,85;89,91;125
AT1G04687.1,NA,209;219;227;253,184,149;210;220;221
AT1G04693.1,123,53;63;160,98;124;129,54;225
AT1G04703.1,NA,NA,93;192;220,58;106;215
AT1G04713.1,NA,74;203;241,22,16;17;56
AT1G04717.1,22,55;183;191,146,33;118;119
AT1G04747.1,37,,,160
AT1G04753.1,NA,100;106,186,36;101
AT1G04763.1,165;203,66;108;120,40;114,262
AT1G04783.1,184;319,41;51;71;76;178,56;316;367;401;412;416;493;517;563;597,52;53;86;94;506;524
AT1G04787.1,NA,341,304,
AT1G04793.1,NA,313,13,128
AT1G04807.1,NA,315,568,
AT1G04813.1,NA,61;115;139,207,
AT1G04847.1,NA,NA,155,315
AT1G04857.1,NA,73,9;158,
AT1G04863.1,195;247,17;258,212;241;254;441,337
AT1G04873.1,NA,NA,NA,NA
AT1G04877.1,NA,NA,142;280,
AT1G04923.1,NA,427,146;147;226;239;300;482,359;459
AT1G04937.1,NA,NA,35;155,
AT1G04943.1,6,,62;118,119
AT1G04947.1,NA,145,,20;83;245;253
AT1G04957.1,NA,80;179;248;346;388,235;325,206;230;310
AT1G04963.1,NA,184;188;211,147;152;214,173
AT1G04967.1,58,19,208,7;35;209
AT1G04983.1,NA,171,,41;231
AT1G04987.1,NA,NA,84,
AT1G04997.1,NA,83,185;316,257
AT1G05003.1,NA,NA,NA,NA
AT1G05007.1,NA,236;251,,154
AT1G05013.1,NA,NA,NA,NA
AT1G05027.1,NA,180;318;504;647,315,451
AT1G05037.1,NA,61;163;199,27;52;112,73;82;189
AT1G05053.1,NA,163,,
AT1G05067.1,170;242,173;314;320,176,49;227
AT1G05073.1,123,157,67,
AT1G05093.1,46,,37;54,56
AT1G05097.1,NA,221,160,222
AT1G05103.1,NA,137;199;230,56;68;125;224,223
AT1G05107.1,228,18;222,178,12
AT1G05113.1,NA,NA,44,
AT1G05117.1,NA,NA,NA,124;152;166
AT1G05127.1,NA,318;323,10;24,
AT1G05133.1,NA,73;122;464,28;86,562
AT1G05153.1,NA,NA,24;53,
AT1G05173.1,NA,52;94,105,175
AT1G05177.1,424;446,324,393,
AT1G05193.1,NA,NA,114,43;175
AT1G05197.1,NA,133;135;142;156;203,11;33,
AT1G05217.1,137;228,,222,
AT1G05223.1,NA,126,120,
AT1G05227.1,NA,43;160,25;185,
AT1G05233.1,NA,NA,185,
AT1G05237.1,42,193,201,206
AT1G05263.1,NA,NA,119,
AT1G05283.1,NA,76;80,23,
AT1G05303.1,NA,NA,101,94;165;232
AT1G05307.1,NA,172;271,52;144;269;327,156
AT1G05313.1,79;95;276,32;38;176,8;18;23;41;136;147;164,14;118
AT1G05323.1,25,,79;193,45;138
AT1G05357.1,NA,135;244,149,245
AT1G05373.1,124,,,
AT1G05377.1,NA,NA,146;161;222,53
AT1G05387.1,134,10;162,101;169,209
AT1G05397.1,NA,292;314;404;472;597,330;487;573,145;304;423;496
AT1G05407.1,160,,,
AT1G05413.1,NA,NA,NA,16
AT1G05443.1,46,,122,
AT1G05447.1,NA,NA,NA,60;159
AT1G05473.1,NA,101;202,,66
AT1G05477.1,112,,144;163,169
AT1G05483.1,157;330,80;340,,21;76;134;135;198;341
AT1G05487.1,NA,48;462,,133
AT1G05493.1,NA,153;189,48;121,98
AT1G05497.1,NA,173,,47
AT1G05507.1,NA,324,,302
AT1G05517.1,NA,187,,
AT1G05527.1,NA,266;301,141;167,150
AT1G05533.1,138;153,122,167,148;201
AT1G05537.1,NA,58,,
AT1G05543.1,NA,NA,117;662,8;548
AT1G05553.1,NA,447,,142
AT1G05567.1,20;212,164,,174
AT1G05583.1,NA,NA,NA,70
AT1G05587.1,NA,NA,175,68;154
AT1G05593.1,NA,171,168,260
AT1G05597.1,41,,,
AT1G05603.1,NA,17;23,66,12;327
AT1G05607.1,NA,107;110,25,26;277
AT1G05613.1,NA,NA,9;104,14;20
AT1G05617.1,NA,209,41;203,210
AT1G05623.1,27,,,51
AT1G05633.1,8,,68,152;157
AT1G05643.1,NA,NA,NA,NA
AT1G05647.1,NA,195,165;177;191;282;360,99;150;157
AT1G05653.1,22,20,,28
AT1G05657.1,NA,98,118,
AT1G05663.1,NA,117;373,126;291;394;448,366;443;450
AT1G05667.1,10,81;102;198,41;184,191
AT1G05683.1,NA,NA,228,222
AT1G05693.1,156,118;168;247,88,158
AT1G05707.1,433,47,63;396;453,303;429;454
AT1G05713.1,NA,NA,7;100,122
AT1G05717.1,NA,171,,
AT1G05737.1,NA,106,,52
AT1G05747.1,NA,72;88,18;319;352;383,212
AT1G05793.1,NA,NA,156,
AT1G05797.1,NA,NA,NA,NA
AT1G05803.1,NA,144,,167;171
AT1G05807.1,NA,NA,134;185,55;116;136
AT1G05817.1,NA,17;30;140,21;41;42;47;285,11
AT1G05823.1,364,28;100,36;45;159,160
AT1G05827.1,135;161,140,153;168,38;98
AT1G05843.1,NA,191;446,,324;440
AT1G05847.1,19;273,311,27;195;217;327,332;339
AT1G05857.1,331;337,40,36;72;110;148,37;312;322
AT1G05863.1,114;143,82;135;207,159;240,132;203
AT1G05887.1,NA,103,165;170;213,14;38
AT1G05893.1,NA,NA,NA,194
AT1G05897.1,23,65;222;273,68;75;227,81;201;216
AT1G05903.1,653,,279;366;459,20
AT1G05913.1,NA,204,170;198,187
AT1G05937.1,NA,122;473,129;146;433,83;432
AT1G05943.1,NA,432,,188
AT1G05947.1,364,,138,345
AT1G05953.1,NA,134;220,,55;216
AT1G05957.1,20,233,,14;174
AT1G05963.1,NA,NA,12,215
AT1G05967.1,NA,NA,146;177,
AT1G05983.1,90,221,51;55;139,
AT1G05987.1,NA,NA,204;396,
AT1G06007.1,28,,,14;36
AT1G06013.1,NA,204;207,10,185
AT1G06023.1,NA,NA,136,15;147
AT1G06027.1,17;354,,227;306,
AT1G06037.1,NA,16;44;96;118;145;196;218,209;213,119;167
AT1G06043.1,NA,156,112;133;148,147
AT1G06047.1,NA,56,128,
AT1G06053.1,NA,224,,
AT1G06057.1,NA,49,198;354,15
AT1G06063.1,NA,NA,NA,211
AT1G06067.1,NA,NA,59,
AT1G06073.1,NA,232,226,
AT1G06093.1,NA,77,,92;123
AT1G06097.1,NA,231,149;192;198,126;164;189;248
AT1G06103.1,NA,NA,13;128,
AT1G06113.1,NA,NA,18;105,
AT1G06117.1,82,,,
AT1G06123.1,NA,184;186,178;198,
AT1G06127.1,NA,NA,246,247
AT1G06133.1,NA,136,,
AT1G06147.1,NA,24;363,364;384,32;379
AT1G06157.1,NA,NA,NA,NA
AT1G06163.1,NA,191;347;353,46;122;189;354;520,188;298;349;570
AT1G06173.1,281,42;297;484,36;76;147,248;436
AT1G06177.1,NA,222;364,229;255,366
AT1G28715.1,218;638;753;1094;1299,82;325;355;452;473;518;617;689;763;990;1079,6;197;220;226;228;256;474;521;568;570;575;634;891;1003;1146;1163;1304;1373,276;351;358;455;883;1409;1454;1585
AT1G06187.1,191,158;262;326,,236
AT1G06197.1,166,53;169,172,258
AT1G06203.1,NA,184;287,,282
AT1G06287.1,113,90,,106;107;192
AT1G06293.1,263,162,205,119;157;271
AT1G06297.1,NA,NA,9;82;141,41
AT1G06303.1,NA,93;134;161,203,
AT1G06307.1,NA,NA,NA,77
AT1G06313.1,107,359,55;225;245;287;319,
AT1G06317.1,227,144;182,32;98;212;236,12;214
AT1G06323.1,NA,NA,NA,NA
AT1G06327.1,NA,68;83;120;164,,84;137
AT1G06333.1,NA,NA,42,10;17;416
AT1G06343.1,49,,117,
AT1G06347.1,85,,,6
AT1G06353.1,230,212,178,188
AT1G06357.1,147;271,255,580;606;640;748,153;678;808;886;900
AT1G06363.1,138,53,29;291,248
AT1G06373.1,9;97;177,,221,35;186;197;223
AT1G06377.1,NA,103,258,
AT1G06383.1,89;220;356,382;420,84;157,108;383
AT1G06387.1,18;98,94,134;369,153;216;336
AT1G06393.1,287,253,240;281;339,277
AT1G06403.1,35,43,65;90,61;118;237;248
AT1G06407.1,NA,NA,99;202,
AT1G06413.1,NA,NA,NA,NA
AT1G06417.1,19,,183,
AT1G06427.1,NA,278,65;321;402,
AT1G06433.1,NA,NA,187,165
AT1G06437.1,176,144,,
AT1G06443.1,269,173,,
AT1G06447.1,NA,304,82,
AT1G06473.1,366;413,16;111,251;426;746;754,7;231;239;421;502;741
AT1G06483.1,NA,162;181,11;31,9;28;137
AT1G06487.1,174,190;196,21;112,
AT1G06493.1,NA,NA,185,69
AT1G06497.1,85,79,,154
AT1G06507.1,12;256,128,,
AT1G06513.1,NA,NA,NA,NA
AT1G06517.1,NA,NA,194,
AT1G06527.1,NA,42;44,36;149;367,361
AT1G06533.1,NA,NA,NA,NA
AT1G06537.1,206,,146;201,128;130;131;135;226;241
AT1G06543.1,NA,190,86,181
AT1G06557.1,NA,NA,NA,NA
AT1G06567.1,374,25;76,91;399,82;369;376;418
AT1G06577.1,114;132,43,142,273
AT1G06583.1,10,111;420,165;584,123;466;499
AT1G06587.1,191,,32,131
AT1G06593.1,NA,123,246;253,
AT1G06603.1,208,,,14;268
AT1G06607.1,243;550,190;231;433;494,34;338;382;609;717;742,14;495;544;637
AT1G06613.1,202,,80;131,85;96;245
AT1G06617.1,NA,NA,NA,14;56
AT1G06627.1,252,167;472,,269;336
AT1G06633.1,23,115;191,102,
AT1G06637.1,NA,NA,16;164,
AT1G06657.1,160,125,196,232
AT1G06663.1,230,25,218,289
AT1G06683.1,NA,230,8,224
AT1G06687.1,NA,338,10;141;280;312,
AT1G06693.1,313,258,216;264,255
AT1G06697.1,16;214;241;261;308;329,148,107;171;196;441,309;311
AT1G06703.1,NA,39;99;148,107;110,129
AT1G06707.1,NA,51,56,47
AT1G06713.1,51,,,138;190;225
AT1G06723.1,62;67,145,163,235;294
AT1G06727.1,NA,NA,NA,NA
AT1G06733.1,NA,NA,NA,NA
AT1G06737.1,NA,NA,171;211,109;168;204
AT1G06743.1,NA,223,142;296,124
AT1G06747.1,255,76;125,,107;288
AT1G06757.1,96,,66;262;329,57;131;191
AT1G06773.1,NA,229,143;160;236,157
AT1G06777.1,NA,NA,NA,7
AT1G06783.1,NA,82,270;273,34
AT1G06817.1,NA,NA,227;297,
AT1G06823.1,NA,NA,NA,317
AT1G06827.1,91,9;193;198,85;306,10;43;93;162;286;304;307
AT1G06837.1,316,322;342;479,,11;195;312
AT1G06853.1,NA,169,,
AT1G06857.1,9,124,80,
AT1G06863.1,NA,186;217,261,98
AT1G06867.1,93,165;318,140;187,96;181;336
AT1G06883.1,134,72;127;191;464;610;616,122;128;231;340,136;151;721;798
AT1G06897.1,NA,37;140;372,7;112;128;135;266,123;182;193;233;249;355
AT1G06907.1,NA,342,,286;379
AT1G06913.1,NA,79;94;147,56,123;283
AT1G06917.1,189,132,126;183;273,127
AT1G06927.1,116;135;159,,90;105;160,203
AT1G06933.1,227,17,58;88,
AT1G06937.1,NA,24;94;159,129;160;165,
AT1G06943.1,224,79;85;105;232,115,160
AT1G06947.1,NA,102,90;181,25;78;95;140
AT1G06953.1,NA,75;84;88;96,34,21;28;29;30;66
AT1G06957.1,NA,71;113;134,187,18;115
AT1G06963.1,138;543;799,119;202;806,140;546,280;346;493;516;558;637;788;808
AT1G06967.1,NA,398,84;400,83
AT1G06973.1,NA,NA,46,
AT1G06983.1,140,243,133;192,102
AT1G06987.1,NA,NA,NA,NA
AT1G06993.1,NA,43;143;217,56,79;138;144
AT1G06997.1,70,524;594,568,7;12;17;420
AT1G07003.1,262,,165,
AT1G07007.1,35;48,,43;139,10;20;329
AT1G07013.1,NA,NA,167;192,9;71;236
AT1G07017.1,NA,112,97,228
AT1G07023.1,NA,119,,
AT1G07027.1,111,19,299,6;294;300
AT1G07117.1,NA,80,56,297;377
AT1G07123.1,NA,NA,41,
AT1G07127.1,NA,NA,NA,NA
AT1G07133.1,17;145;189,44,155,
AT1G07143.1,230,71;146;233;255,96;124;171;435;528,74;99;149;174
AT1G07147.1,NA,NA,90;287,88
AT1G07157.1,NA,NA,NA,93
AT1G07163.1,NA,NA,52,
AT1G07167.1,NA,497;545;651,141;372;689,494
AT1G07173.1,86,123,,36
AT1G07177.1,NA,NA,18,51
AT1G07183.1,16;169,177,276,
AT1G07187.1,NA,376,561,377
AT1G07193.1,NA,NA,214;254,
AT1G07197.1,NA,73,13;203,126;127
AT1G07233.1,47;389,67;140;217;223;256;467,332;376;419;509,85;132
AT1G07237.1,NA,75,,
AT1G07247.1,NA,NA,116;157,
AT1G07253.1,97,53;103;123;263,133,80;265;291
AT1G07263.1,NA,132;136;148;213,133,214
AT1G07267.1,NA,NA,230;243,
AT1G07273.1,NA,224;369,218,366
AT1G07277.1,NA,11,,
AT1G07287.1,NA,35,237,
AT1G07293.1,NA,207,78,49;185
AT1G07297.1,NA,70,,
AT1G07303.1,NA,NA,NA,77;131
AT1G07313.1,NA,NA,25,118;193
AT1G07317.1,50,103,,100;114;159
AT1G07323.1,118,20;154;166;182;385;388,364,346;358;365;391
AT1G07327.1,120,61;123;237,41,
AT1G07333.1,NA,315,201;293,73;286
AT1G07337.1,NA,NA,378,275
AT1G07343.1,NA,62,158,65
AT1G07347.1,8;91,,13;54;93;113;127,
AT1G07353.1,NA,228;231,,
AT1G07367.1,NA,36,,19;305
AT1G07373.1,136,,63;227;374;486,128;137;221;368;524
AT1G07383.1,NA,31;39;332,75,331
AT1G07397.1,NA,186,29;124,209
AT1G07407.1,NA,NA,58;59;79,
AT1G07413.1,NA,NA,151,16;39
AT1G07417.1,NA,NA,211,34;88;212;238
AT1G07423.1,NA,NA,NA,NA
AT1G07433.1,NA,NA,79;122,50;57
AT1G07437.1,21,35,230,127
AT1G07447.1,385,,432,373;441
AT1G07453.1,135;141,129;131,57;147,148
AT1G07457.1,9;362,178;259;391;472,143;184;252;281;293;407;457;486;681,460
AT1G07463.1,NA,77;91;106;172;379,331,28;78;107;167;173;240
AT1G07467.1,380,205,394,
AT1G07483.1,NA,36;37;41;167;173,31;46,32
AT1G07493.1,NA,NA,NA,NA
AT1G07497.1,NA,202,,52
AT1G07503.1,NA,NA,NA,NA
AT1G07523.1,111,,7;79;121;278,94;133
AT1G07527.1,NA,177,194,178;207
AT1G07533.1,NA,NA,46,
AT1G07553.1,182,120;249,,
AT1G07557.1,116,,,237
AT1G07573.1,NA,213,,150
AT1G07583.1,NA,NA,NA,NA
AT1G07597.1,75;230;299,,,
AT1G49938.2,150;835;863,101;210;988,829;931,574;839;888;994
AT1G49938.1,133,84;193,,557
AT1G07617.1,NA,95,30;112,
AT1G07623.1,107,313,128;217;452;469,116;309;310
AT1G07627.1,480,,80;486,251;291;368;459
AT1G07657.1,90,127,15;96;173,85
AT1G07673.1,169;213;317,191;219;285,,359
AT1G07683.1,NA,NA,510;545,75
AT1G07707.1,NA,416,138;304,152;242
AT1G07717.1,NA,55;262,7,17
AT1G07723.1,NA,169,70;187,170
AT1G07763.1,NA,NA,119,85;106;158
AT1G07767.1,NA,65,220;252,72
AT1G07773.1,NA,NA,63;119,94;136
AT1G07777.1,83;96;122;139,35;216,130;218,43;112;193;197
AT1G07783.1,NA,NA,10;537;630;677;699;711,17;695
AT1G07787.1,NA,NA,229,104;223
AT1G07793.1,NA,281;432,160;250;253;262;435,
AT1G07833.1,16,,48,
AT1G07837.1,NA,NA,NA,267
AT1G07843.1,NA,NA,254,90
AT1G07857.1,NA,58,164,49
AT1G07863.1,NA,NA,21;104,100;197
AT1G07873.1,24,10;310,139;306,
AT1G07907.1,NA,42,74;112,84;288
AT1G07913.1,31,,176,
AT1G07917.1,NA,226,134;167,
AT1G07923.1,NA,317,140;246;314,
AT1G07927.1,NA,118,10;123,155;173
AT1G07937.1,NA,NA,203;206,
AT1G07947.1,NA,NA,235;319,
AT1G07973.1,NA,279,52;73,127;153;369;447
AT1G08007.1,NA,243;413,,
AT1G08013.1,299,38;84,,
AT1G08017.1,255,249;263,244;292,
AT1G08023.1,NA,NA,NA,NA
AT1G08027.1,NA,306,245;317;330;513;523,90
AT1G08033.1,NA,NA,186,
AT1G08057.1,NA,NA,NA,6;7;45;61
AT1G08063.1,264;351,199;205;239,18,193;260
AT1G08077.1,NA,NA,NA,NA
AT1G08093.1,39,,148,35;225
AT1G08097.1,187,8;74;182;203;261,78;199;210;225;295,70;180;216
AT1G08103.1,NA,NA,151;275,433
AT1G08127.1,178,14;180,38,171
AT1G08133.1,96;228,53;219,31;141;215,212;220
AT1G08137.1,NA,NA,110,242
AT1G08143.1,NA,NA,210,
AT1G08147.1,NA,26;31;164;207;264;272,27;107;260,32;108
AT1G08153.1,NA,NA,86;151;170;182;298,53
AT1G08173.1,424,272;309,392,393;456
AT1G08177.1,NA,NA,41,25
AT1G08183.1,NA,NA,20;52,70
AT1G08193.1,34,,137,262;308
AT1G08207.1,21;201;455,,261;284,42;266
AT1G08213.1,267,144;150;189;217,,147;186;211;220;254;410
AT1G08217.1,NA,NA,NA,206;423
AT1G08223.1,NA,28;32;53;227;257,41,445
AT1G08227.1,375,143;370,36;42;158;297;324,155
AT1G08237.1,NA,124;134,,225;242
AT1G08247.1,260,104,23;64;161,98
AT1G08257.1,52,28;49;108;205,,185
AT1G08263.1,NA,NA,17;115;125,152
AT1G08277.1,NA,55;80;137,68,119
AT1G08283.1,NA,524,,108;518
AT1G08293.1,232,17;249,23;24,250
AT1G08297.1,NA,NA,314,135
AT1G08307.1,NA,48;71,,33
AT1G08313.1,NA,76;82,,49;118
AT1G08357.1,NA,133,151;193,222
AT1G08363.1,NA,NA,165;186,
AT1G08377.1,NA,NA,182,175
AT1G08383.1,7;41,,161,10
AT1G08393.1,NA,NA,48,
AT1G08397.1,NA,122;164,144,
AT1G08403.1,NA,NA,NA,NA
AT1G08413.1,NA,148,,107;143;169
AT1G08417.1,229,79;82,,73;76;223;226;274;286;288;295
AT1G08433.1,NA,NA,NA,202
AT1G08437.1,157;199,73;154;202,47;196;226,221
AT1G08443.1,NA,24,134,
AT1G08447.1,246,416;606,197,198;594
AT1G08453.1,NA,88,42;213,136
AT1G08457.1,NA,118;179;217;235;240,10;160,166
AT1G08463.1,NA,209,135,
AT1G08473.1,101,307,14;115,174;187
AT1G08483.1,NA,55,80;120;148,
AT1G08487.1,NA,57;72,63;68;157,101
AT1G08497.1,NA,NA,11;54,
AT1G08503.1,97,,,44
AT1G08507.1,NA,459;531,140,51;184;435
AT1G08513.1,330,531;553,102;179;232;305;312;320;548,110;161;177;280;281
AT1G08517.1,NA,NA,300,
AT1G08523.1,NA,361,326,74
AT1G08553.1,23;42,191,230,7;232;265
AT1G08573.1,254,403;431;474;499,327;368,340
AT1G08583.1,138,11;30;47,,24
AT1G08587.1,NA,108,19;27;144,16;76
AT1G08603.1,81;126,,,
AT1G08607.1,112,115;167;559,107;133;381;574,
AT1G08613.1,NA,103,38,39
AT1G08623.1,NA,104;114,95,35;39;254
AT1G08627.1,158,,,214
AT1G08637.1,NA,22;45,,38;39
AT1G08653.1,26,23;35,18;32;38;41,
AT1G08663.1,NA,NA,NA,277;285
AT1G08673.1,76;174,,131;144;181;196,55;111;168;249
AT1G08683.1,NA,NA,161,129
AT1G08677.1,NA,304,129,86;127
AT1G08697.1,NA,257,,
AT1G08703.1,33;47,39,40,
AT1G08713.1,NA,NA,NA,NA
AT1G08717.1,NA,NA,NA,NA
AT1G08743.1,NA,7;43;208,225,
AT1G08757.1,177,53;259,65;73;300,252;302;328;587
AT1G08763.1,NA,205,120,
AT1G08767.1,NA,103,111;180,13;21
AT1G08773.1,NA,227,,
AT1G08777.1,NA,201,,
AT1G08787.1,NA,98;108,,
AT1G08807.1,NA,NA,NA,58;191
AT1G08817.1,158;209,12;42,13;17;151;152,19
AT1G08827.1,194,188,15;147;275;305,
AT1G08833.1,NA,NA,NA,NA
AT1G08843.1,NA,15,110,
AT1G08847.1,NA,139,133;143;246,
AT1G08863.1,NA,NA,267,82
AT1G08867.1,184,72;130;194,139;215;238,73;74
AT1G08877.1,NA,51,,
AT1G08883.1,235,163,,186;191
AT1G08887.1,NA,NA,99,
AT1G08893.1,NA,225,100,226;336
AT1G08897.1,51,13;35,29;88;258,76;176
AT1G08903.1,NA,232,217;233,227
AT1G08907.1,NA,NA,NA,NA
AT1G08913.1,NA,NA,NA,10;277
AT1G08923.1,NA,NA,NA,236
AT1G08927.1,NA,236,211;212;225,237
AT1G08947.1,NA,90;167,173;301,
AT1G08953.1,193,,223;235,63;194
AT1G08967.1,25,100;321,115,
AT1G08977.1,NA,101,,
AT1G08983.1,145,10;22;68;413;480,153;248;432;439,426
AT1G08993.1,NA,19,117;170,10;86
AT1G08997.1,NA,28;189,96;269,29;121
AT1G09007.1,NA,NA,103;233,
AT1G09013.1,NA,NA,55,
AT1G09017.1,47;60,18;42;54;69;219,39;105,99;108
AT1G09033.1,NA,15,266,
AT1G09037.1,NA,NA,196;291,134;218
AT1G09043.1,93;171,6;101;195,59,70
AT1G09047.1,328,91;287,12;408,288;341
AT1G09057.1,NA,NA,128,
AT1G09063.1,NA,NA,89,
AT1G09067.1,152,,88,
AT1G09077.1,NA,NA,142,138;152
AT1G09097.1,NA,192,173,154
AT1G09103.1,NA,25;222;259,82;206,108
AT1G09107.1,113,29;78,216;282;293,139;149;156;217;225;297
AT1G09113.1,NA,NA,61;110;143,421
AT1G09117.1,181,36;89;125,47,68;126
AT1G09123.1,33,,49;84,29
AT1G09127.1,NA,53;362,,49;299;304
AT1G09133.1,NA,NA,194,122
AT1G09137.1,NA,209,,
AT1G09147.1,210,191,196;246,82
AT1G09153.1,560,,375,556
AT1G09163.1,153,35,10;30;78,
AT1G09173.1,NA,NA,189,
AT1G09177.1,15;165;209,179,,
AT1G09183.1,NA,NA,199,72
AT1G09187.1,NA,82;153,,16;147;155;307
AT1G09197.1,NA,349,133;229,21
AT1G09207.1,46;133,146,154,70
AT1G09217.1,243,119;132,30;155,
AT1G09227.1,NA,51,59;181;185;273;454,54;355
AT1G09243.1,NA,NA,394,89;109;110;411
AT1G09263.1,NA,NA,17;63,
AT1G09273.1,17,,79,
AT1G09283.1,NA,173;233,108;132;163,7;110;185;247
AT1G09293.1,NA,16;186;188;271,151;252,13;19;183;219
AT1G09303.1,79,39,,
AT1G09307.1,NA,273,24,274
AT1G09313.1,NA,225,17;141;275;351,
AT1G09317.1,NA,272,84;278,111;146
AT1G09323.1,NA,116,,111
AT1G09337.1,NA,111,214;362;385;441,146;159
AT1G09343.1,NA,128,57,8;129
AT1G09353.1,43,451,,485;487
AT1G09357.1,NA,NA,41;155;162;220,
AT1G09373.1,NA,226,151;222,8;61;206;207;212;223
AT1G09377.1,NA,NA,220,37
AT1G09387.1,151;186;403,18;48;162;204;307,19;39;124;232,20;96;125;228;308
AT1G09393.1,229;341;428,,,
AT1G09397.1,NA,220,162;389;396,85
AT1G09407.1,NA,33;251;269,252,
AT1G09417.1,NA,307,293,31;284
AT1G09423.1,68;149;180,18,,27;62;65
AT1G09427.1,343,74;77;207,217,71;148;154;175;182;211;214;333
AT1G09477.1,NA,NA,79;314,82
AT1G09493.1,315;347,333;340;584,341,311
AT1G09497.1,15,,,17
AT1G09503.1,214,,138,
AT1G09507.1,NA,116,41;44,
AT1G09547.1,NA,NA,88,
AT1G09563.1,35,86,9;81,15;29;187
AT1G09567.1,NA,44,13;34,71;93
AT1G09573.1,150,146;230,144;280,
AT1G09577.1,391,36;197;299;409,42;93;131;232;267;271;321;371;426,26;227;493
AT1G09587.1,NA,124,274,
AT1G09593.1,295,126;349,54,203;330;350;356
AT1G09597.1,76;101,226,16;30,
AT1G09603.1,50;156;261,338,311,46;442
AT1G09607.1,90,,137,58
AT1G09613.1,NA,103,116;133,
AT1G09633.1,NA,10;124,37;53;199;381,24;137;233
AT1G09647.1,NA,NA,99,
AT1G09653.1,NA,NA,NA,NA
AT1G09667.1,NA,132;332,42;61;76;234;240,174
AT1G09683.1,NA,NA,NA,NA
AT1G09693.1,133;168,,145,129;169
AT1G09697.1,NA,NA,263,257
AT1G09703.1,93,67;82;240,51;68;159;305;327;366,46;224;298
AT1G09717.1,188,,,
AT1G09723.1,NA,NA,6,20
AT1G09733.1,84;275,51,52;377,272
AT1G09737.1,NA,187,75;173;193,143
AT1G09743.1,NA,NA,111,
AT1G09747.1,159,,,
AT1G09753.1,NA,NA,97,51;127
AT1G09763.1,NA,14;190,,18;193
AT1G09767.1,NA,NA,NA,NA
AT1G09773.1,179;520,86;367;762,39;771;809,36;80;370;456
AT1G09793.1,NA,NA,148;202,118;124;323;492
AT1G09797.1,NA,NA,134;177;272;376;382;498;564,189;491
AT1G09803.1,NA,33;366,119;331,39;212;236;295
AT1G09807.1,NA,71,,83;109
AT1G09813.1,125,106,,103;130
AT1G09833.1,NA,NA,173;318,57;82;417
AT1G09847.1,NA,22;105;235;264,327,
AT1G09853.1,NA,220,44;240;356,29;30;337
AT1G09857.1,164,269,,
AT1G09887.1,NA,30;167,17;131,128;145;243
AT1G09937.1,203;239;253,28;46,254,6;40;240
AT1G09953.1,NA,192,,
AT1G09957.1,154,137,13;83,195
AT1G09967.1,NA,98,102;130;180;194,136
AT1G09973.1,NA,NA,NA,NA
AT1G09977.1,NA,188;307,185;279,
AT1G09983.1,NA,8,54,80
AT1G09997.1,185;252,95;127;234,108;119;121;282,46;120;225;285
AT2G03885.1,NA,NA,66,233;261
AT2G03905.1,165,77,29;39;166;170,102
AT2G03945.1,98,172,202,161;186;191
AT2G03985.1,NA,NA,NA,NA
AT2G03995.1,69,150;204,,52;205
AT2G04005.1,NA,7;203;257;308,159;271,161
AT2G04015.1,NA,260,287,47;261
AT2G04075.1,172,9;102;104;109;299,110,124
AT2G04085.1,214,79;314;379;435;436,42;244,10;429;459
AT2G04095.1,NA,186,,6;94
AT2G04155.1,NA,NA,NA,NA
AT2G04175.1,477,315;380;407;426;448,72;265;270;505;518,
AT2G04185.1,69,7;172;193,99;188,63;190
AT2G04195.1,NA,159,,
AT2G04205.1,138,,357,
AT2G04215.1,91;124,,48;115,68;86;120
AT2G04225.1,NA,17;95,32,27;101;197
AT2G04255.1,NA,56;90;137;192,132;156;260,119;180;320
AT2G04265.1,514,385;507;847,58;394;798,253
AT2G04315.1,NA,199;272;390,8;131;137,22;128;155;372
AT2G04325.1,148,99;178,76,153;175
AT2G04335.1,NA,429,332,272
AT2G04345.1,145;239,26;91,7,28;121;146;233;251;256
AT2G04355.1,20,,41;92;228;248;294;305,43;57;86;203;245;277
AT2G04365.1,177;350,36;194;222;276;281,17;103;240;251;277;382;410,244;282;380
AT2G04405.1,35;187,39;276;312,40;44,33;224;282
AT2G04435.1,78;148,186;187;422;467,26;79;85;191;358,18;180;302;469
AT2G04465.1,221,47;203,152;207,50;213
AT2G04485.1,NA,29;233,,
AT2G04505.1,NA,172;195,206,
AT2G04565.1,128,86,53;56,83;137;154
AT2G04575.1,NA,NA,NA,242
AT2G04595.1,NA,NA,163,154;166;186;248
AT2G04605.1,68;135;211;224;254,8;163;347,22;83;92,85;86;89;128
AT2G04615.1,NA,129;302;386;420;529,303;624,70;132;523
AT2G04635.1,72;162,43,21,
AT2G04645.1,542,204,315;335;339,236;336
AT2G04655.1,279;305;327;445,65;186;263;330;354,9;355;453;462;475,257;258;359
AT2G04665.1,NA,168;316,,169
AT2G04685.1,82,20,22,16;96
AT2G04695.1,NA,22;220,,206;217
AT2G04715.1,NA,7,244;394,175;264;319;353;388;428;481
AT2G04735.1,96;194,11;37;40;51;218,45;307;317,14;31;188;235
AT2G04745.1,NA,77;264,,244;245;267
AT2G04765.1,NA,NA,NA,NA
AT2G04775.1,10,,195,188
AT2G04785.1,NA,NA,NA,NA
AT2G04805.1,NA,NA,57,11
AT2G04815.1,NA,11,251,29;257
AT2G04835.1,NA,13;147;153;269,,108;205;227;228;328
AT2G04825.1,249,280,148;283,494
AT2G04855.1,51;147,488;506,263;521;533,480
AT2G04875.1,NA,77,,16;80
AT2G04885.1,101;421;458,253;339,84;162;207;250;258;285,106;246;282
AT2G04895.1,NA,465,146;446,488
AT2G04905.1,NA,NA,25,129
AT2G04915.1,NA,NA,NA,210
AT2G04945.1,144,,,
AT2G04975.1,397,194;437,17;427,392;398
AT2G04985.1,46;158;162;305;318;379,35;56;59;70;76;101;118;121;155;242;263;279;300;319,71;132;204;245;253;259;286;385,11;98;187;243;264;348;366
AT2G04995.1,48;67;85;134;163;278,87;94;106;173;249;359,36;228;260;274;282;287;370;421,71;107;174;250;254;314;354;445
AT2G05005.1,NA,NA,162;256;258,
AT2G05015.1,16;32;81;108;348;409,58;113;232;380;389,10;194;208;233;317;506;578;585;591;601;612;637,11;253;267;302;319;325;368;400;443;587;613
AT2G05035.1,NA,102,,
AT2G05045.1,33,55,,89
AT2G05065.1,NA,108;172;230,206,227
AT2G05075.1,NA,438,346,305;443;449;510
AT2G05085.1,NA,NA,22;33,157
AT2G05095.1,8,,141;207;291,10;190;272
AT2G05125.1,160,194,,
AT2G05155.1,51;141,153;225,154;156;531;560,25;155
AT2G05205.1,12;16;22;53;143;187;230;349;375;412;423,29;45;49;58;68;354,25;74;288;478,23;46;146;345;415;448;449
AT2G05215.1,374;820;822,19;199;293;478;686;799;805;810;813;816;940;1075;1081,185;639;806;945;951;999;1051;1072;1140;1163,39;131;684;691;935;1083;1097;1102;1111;1117;1157
AT2G05365.1,145,220;255;355;362,320;376;388,141;152;215;322
AT2G05395.1,59,50;149;168,76;196;212;301,144
AT2G05405.1,NA,7;88,152;197,
AT2G05425.1,NA,185,,
AT2G05445.1,34,19,100,
AT2G05465.1,99;123,102;105;111;138;195,44;141;222,135
AT2G05485.1,NA,NA,82;91;243,135;136;141;245;246
AT2G05495.1,NA,NA,NA,52
AT2G05505.1,NA,416,303;495,126;335;424;500
AT2G05515.1,30;222;294,20,11;101;219,96;154
AT2G05535.1,NA,NA,NA,82
AT2G05545.1,305,198,142,58;150;370
AT2G05555.1,89;264;299,363,57;132;136;209;343;355,33;46;62;95;148;175;344;357;358
AT2G05575.1,NA,273,,188
AT2G05585.1,439,500,,442;501
AT2G05625.1,NA,NA,NA,187
AT2G05665.1,165,227,,
AT2G05675.1,213;381,,215,190;356;368
AT2G05695.1,263,81,315,
AT2G05705.1,NA,174;186;198,41;110;181,176;262
AT2G05725.1,273,158,194;321,159;268;315
AT2G05785.1,NA,79;149;172,215,
AT2G05825.1,208;250;270;497,243;806;934,78;234;244;255;422;483;634,252;572;797;799
AT2G05835.1,122;156,165;179;182;258;377,29;128;146;170;314;378,88;117;119;184;241
AT2G05855.1,40,232;259;264,292,227;274;307
AT2G05865.1,25;89;125,107;182,58;77,65;114
AT2G05875.1,21,186,35;111;384,284;419
AT2G05885.1,NA,13;148;150;292,139;277;311,76;276;286
AT2G05895.1,40;65,88;251;277,82;206;209;274;297;403,271;321;413
AT2G05905.1,66;72,,,
AT2G05925.1,9,31;53;224,54;142;202,
AT2G05945.1,11;225,52;183,58;171;209,8
AT2G05965.1,NA,52,,46
AT2G05975.1,23,17;190,169,45;121;192
AT2G06035.1,NA,NA,NA,NA
AT2G06065.1,NA,NA,219;231,367
AT2G06075.1,NA,30,,64
AT2G06085.1,NA,198,199;202,168;204
AT2G06135.1,33;137;323,,63,50;329
AT2G06115.1,NA,258,85;237,93
AT2G06145.1,NA,76,152,
AT2G06175.1,149,155;265;268,143;233,94;228
AT2G06185.1,51;183;206,,210,19;26;61
AT2G06225.1,138,9;131;349;463,307;363,
AT2G06275.1,16,121,65,
AT2G06305.1,NA,NA,NA,53;108
AT2G06315.1,92,98;154,149;210,108
AT2G06345.1,220,123;131;146,115;150;155;229,141;222
AT2G06355.1,NA,NA,NA,126;127
AT2G06365.1,NA,61;217,114;196,264
AT2G06375.1,NA,255,,
AT2G06385.1,39;110,203,255;265,317
AT2G06395.1,NA,20;271;324;355,66;207;327;333,217
AT2G06405.1,124,228;277,92,
AT2G06415.1,NA,NA,138;239;246,131;238
AT2G06435.1,78;702,153;254,127;148;221;286;373;446;657,79;285
AT2G06445.1,NA,101,160,154
AT2G06475.1,612,8;293;604,9;58;214;324,325;554;599;613
AT2G06485.1,479,307;354;521;566,94;302;453;510;513,191;308;501;523
AT2G06495.1,23,296,,17;175;188;264
AT2G06505.1,261,57;148;232,282,275
AT2G06515.1,NA,188,38;53,20
AT2G06535.1,NA,177,249,100
AT2G06575.1,NA,304,,
AT2G06585.1,202,,7;244;256,32;160;195;239;240
AT2G06595.1,NA,332,152,160
AT2G06605.1,55,62;71;94;113,202,44
AT2G06625.1,NA,NA,180,112
AT2G06635.1,NA,NA,163,147
AT2G06655.1,NA,NA,231,74
AT2G06685.1,NA,33;74,,
AT2G06695.1,NA,NA,65,
AT2G06705.1,27,,239,
AT2G06725.1,NA,NA,NA,NA
AT2G06745.1,NA,NA,NA,NA
AT2G06755.1,NA,NA,NA,120;135
AT2G06765.1,NA,203,207;212;249,351
AT2G06785.1,476,,376;481,18;22
AT2G06805.1,NA,NA,NA,NA
AT2G06815.1,NA,173;346,,249
AT2G06835.1,105;501,262;504,191,68;100;112;184;249;260;326
AT2G06905.1,NA,87;278,,117;275
AT2G06935.1,NA,NA,NA,NA
AT2G06945.1,NA,NA,NA,122
AT2G06955.1,NA,NA,NA,NA
AT2G06975.1,NA,NA,NA,NA
AT2G06995.1,213;283,186;277;490;619;655,361;509,837
AT2G07005.1,138;179,141,25;118,
AT2G07025.1,NA,166,16,
AT2G07035.1,NA,NA,NA,NA
AT2G07045.1,151,,160;174;290;314,
AT2G07055.1,NA,70;228,64;218,135
AT2G07085.1,NA,NA,NA,NA
AT2G07095.1,13,134;181;259;309,21;72;129,334
AT2G07115.1,NA,NA,NA,NA
AT2G07135.1,142,13;223,179,49
AT2G07165.1,NA,15,164;167;402,42;147;165
AT2G07225.1,361,58;115,391;408;483,
AT2G07235.1,NA,14,43,
AT2G07255.1,166,34,39,
AT2G07285.1,NA,NA,7,
AT2G07375.1,NA,36;121,135,
AT2G07385.1,NA,NA,NA,322
AT2G07415.1,173,71;217;283;444;451;494,11;446,212;278;320;439
AT2G07425.1,NA,166,8;202,
AT2G07435.1,NA,NA,NA,160
AT2G07445.1,20,206,177,
AT2G07525.1,NA,84;221,78;144,195;265;345
AT2G07535.1,NA,NA,11,
AT2G07545.1,NA,8;116,320,313
AT2G07555.1,NA,121;259;297,125;146;201;223;251;254;255;295;424,122;149;195;204;218;252;286
AT2G07585.1,NA,163;184;401;536,54;198;404;510;686;790,139;186;365;398;877
AT2G07595.1,NA,57;76,250,
AT2G07645.1,33;53;286;302;345,17;90;199;206,36;220;298,48
AT2G07840.1,NA,NA,112,
AT2G07855.1,NA,98,9;65;141,44
AT2G23040.2,283,606,130;152;189;285;733,1042
AT2G23040.3,283,366,130;152;189;285;493,802
AT2G23040.4,NA,360;381;704,130;152;189;831,1140
AT2G23040.5,299,382,146;168;205;301;591,6;900
AT2G23040.6,NA,NA,146;168;205;456,6;765
AT2G23040.7,NA,NA,146;168;205;298;392,6;701
AT2G23040.1,77,118,245,554
AT2G07860.1,194,266,57;161;259,156;190;281
AT2G07865.1,NA,12;24;61,46;51;55,31;47
AT2G07870.1,160,64;178;184,119,12;202
AT2G07885.1,190;214;331,43;158;180,,17;215;258
AT2G07890.1,140,87;127,40;45;165;234;309,134;166;378
AT2G07900.1,221,314,15,39;40;163;182
AT2G07905.1,79;184,,,89;95
AT2G07925.1,NA,153;188,,107;190
AT2G07935.1,NA,NA,296,
AT2G07940.1,NA,7;12,,
AT2G07945.1,NA,NA,127;295;670,87;122;596
AT2G07960.1,NA,97;176;187,95;179,91;184;192;194
AT2G07970.1,NA,17;164,78;270,
AT2G07985.1,NA,NA,16;110,147
AT2G07990.1,NA,112,,
AT2G07995.1,34,188,191,21;173;177;182;205
AT2G08005.1,345,496,295;442,23;187;425
AT2G08010.1,124,203,142,
AT2G08030.1,52;127,,45;74;121,
AT2G08040.1,NA,NA,NA,174
AT2G08045.1,NA,217;364;450,173;248;405;603,20
AT2G08050.1,NA,306,204;279;294,
AT2G08055.1,NA,135,123,120
AT2G24592.1,247,78;199;225;251;324;478,157;326;393,57;200
AT2G08075.1,NA,NA,59;192,
AT2G08070.1,NA,230,,
AT2G08085.1,NA,NA,237;240,61
AT2G08090.1,NA,155,,
AT2G08095.1,NA,NA,267;339,
AT2G08100.1,NA,NA,296;427;476;477,36
AT2G08105.1,313,12,210;306,301
AT2G08110.1,75,236,,122
AT2G08115.1,NA,NA,11;30;44;79,
AT2G08125.1,NA,41,54;96,
AT2G08150.1,373;397,402;445;594,11;191;207;266;453,6;403;478
AT2G08155.1,NA,NA,NA,NA
AT2G08160.1,NA,NA,13,
AT2G08165.1,NA,NA,135,
AT2G08175.1,NA,NA,210,439
AT2G08180.1,NA,57;75;119,61;110;186;219,
AT2G08190.1,NA,209,250;290,203
AT2G08195.1,NA,133,127,
AT2G08200.1,8,51;56;105;150,178;191;209;224,157;208
AT2G08210.1,NA,NA,NA,NA
AT2G08215.1,NA,NA,19,
AT2G08220.1,623,617;618;710,565,457;468;541
AT2G08230.1,237,165,219,218
AT2G08240.1,NA,NA,46;51;223;275,
AT2G08245.1,NA,337;366,20;45;76;99;139;264;395,166;314;360
AT2G08250.1,NA,72,158;169;182;248,
AT2G08255.1,NA,NA,91;150;211,180;273;382
AT2G08260.1,NA,NA,88;138;220,
AT2G08265.1,NA,NA,NA,NA
AT2G08270.1,NA,NA,458,361;599
AT2G08280.1,NA,84,,206;211
AT2G08285.1,65;174,76,,77
AT2G08290.1,114;170;195,258;291,,57;138
AT2G08295.1,NA,129;263;327,,67;228;322
AT2G08300.1,NA,69,232;308;309;314,99;223;407
AT2G08305.1,NA,NA,NA,305;341
AT2G08310.1,NA,NA,NA,NA
AT2G08315.1,39,,42,
AT2G08320.1,264;281,223,241;254;282,244;295
AT2G08355.1,NA,244,277;284,
AT2G08360.1,NA,NA,138,
AT2G08365.1,NA,164;202,7,165;195;214
AT2G08380.1,NA,14;216;244,326;338,
AT2G08385.1,NA,178,,
AT2G08395.1,107,28;42;48,34,25
AT2G08400.1,18;42,,,
AT2G08410.1,NA,NA,41,179
AT2G08415.1,NA,NA,NA,NA
AT2G08430.1,172,194;195;227;333,202;228;293,163;236;262
AT2G08445.1,401,163,91;324;395,90;157;323;394;403
AT2G08450.1,NA,98;148;198,59;310;317,226;247;311
AT2G08460.1,NA,NA,276;277;465;537;600;601;789;861;924;925,141;164;213;464;536;788;860
AT2G08455.1,NA,243;293;343;354;567;617;667;678;891;941,30;132;204;456;528;695,47;68;371;392;716
AT2G08465.1,320;351,53;290,202;291,138;198
AT2G08485.1,86;89,83,,53
AT2G08490.1,NA,74,83,80;119;152
AT2G08495.1,NA,NA,NA,18
AT2G08500.1,17,162,24;147;153,144;158;164
AT2G08505.1,172;410,387,33;186,411
AT2G08510.1,NA,116,17,66;72;108;117;161
AT2G08515.1,NA,95;124;127;150,14;51;65;117;222,151
AT2G08535.1,289,33;220,20;55;171;209;283,26;57;309
AT2G08540.1,NA,174,131;139,178
AT2G08545.1,201,,202,66
AT2G08550.1,219,152,166;186;207,163;183
AT2G08560.1,NA,11,238;445,49
AT2G08565.1,NA,164,178,179;189
AT2G08570.1,NA,115;209,301,
AT2G08590.1,NA,NA,NA,154
AT2G08620.1,NA,157,135;155,40;112
AT2G08625.1,63,,,57;225
AT2G08630.1,NA,72;265,86,
AT2G08645.1,312,46;186;329,28;47;50;126;200;436,306;330
AT2G08670.1,35;50,26;75,85,51
AT2G08675.1,161,,37;125,72
AT2G08690.1,NA,65;231;423;432;540;542;554;562,568,159;300;419
AT2G08705.1,NA,NA,18;62;115,34;44
AT2G08710.1,NA,94,60,176;179
AT2G08715.1,NA,244,111;121;148;218;221,
AT2G08720.1,NA,NA,NA,NA
AT2G08735.1,380,332,133;190;239,179;246;285;292;333
AT2G08775.1,322;562,105,186;476;831,359;576
AT2G08790.1,NA,NA,102;155;182,148
AT2G08800.1,NA,NA,7;62;74,57;78;127
AT2G08805.1,NA,NA,95,191
AT2G08820.1,NA,NA,NA,117
AT2G08825.1,NA,NA,54,6;51
AT2G08830.1,44,23;65;162;180,184,
AT2G08835.1,NA,NA,NA,23;35
AT2G08845.1,182,192;199,,
AT2G08850.1,NA,NA,NA,NA
AT2G08870.1,53;81,,89,
AT2G08875.1,350;375,44;148,40;93;117,
AT2G08880.1,172,160;205,,153;180
AT2G08885.1,NA,136,50,10
AT2G08890.1,21;82,,14,
AT2G08895.1,NA,NA,NA,192
AT2G08920.1,106,,,107
AT2G08925.1,NA,NA,40;46;74;88,202;206
AT2G08930.1,92,102,59,79
AT2G08935.1,62,,114;134,69;75
AT2G08940.1,NA,70;80;87;172;188,31;44,173;194;200
AT2G08945.1,NA,108,12,7
AT2G08950.1,60,14;304;449,19;37;342;349;545,179;368;443;505
AT2G08955.1,NA,378;395,149;372;379;417;476,412
AT2G08970.1,NA,NA,11;174,100
AT2G08975.1,NA,NA,NA,NA
AT2G08980.1,NA,NA,NA,NA
AT2G08985.1,NA,54,44;127,276
AT2G08990.1,NA,NA,NA,NA
AT2G08995.1,193,38,,44;194
AT2G09005.1,NA,NA,NA,NA
AT2G09010.1,NA,NA,178,323
AT2G09015.1,NA,NA,44;108,129
AT2G09020.1,NA,113;173,,116
AT2G09040.1,NA,60;282;346;456;611;624,21;137;328;391;483,7;349;394;415;418;478
AT2G09050.1,190,92;152;156;201,6;23;273,24;191;196
AT2G09055.1,NA,119,75,
AT2G09060.1,NA,NA,151,242
AT2G09065.1,NA,33;135;154;165;191,131,126;167;188
AT2G09070.1,55;76,114;131;138,159,139;280
AT2G09075.1,388,198,33;86;192;194;356,147;180;195
AT2G09085.1,196,100;128;142;245,,
AT2G09095.1,NA,NA,NA,NA
AT2G09100.1,302,,193,247
AT2G09105.1,NA,NA,16;17,
AT2G09110.1,NA,NA,224,73
AT2G09115.1,55,39;46;110;202,24;100,40
AT2G09125.1,6,229,293,
AT2G09130.1,NA,NA,122,116
AT2G09135.1,NA,123;128,83;118,
AT2G09140.1,NA,NA,NA,NA
AT2G09160.1,24,8,78;93;136;148,89;174
AT2G09165.1,280,17;121;264;791;836;916,142;335;393;405,62;122;780;1006
AT2G09170.1,NA,NA,83;222,
AT2G09180.1,109,,104;226,
AT2G09185.1,NA,17;231;270,179;283,227;355;356
AT2G09195.1,150,22;234,,78;175;239;240
AT2G09210.1,185,180;393;396,207,198
AT2G09220.1,45;265;270,39;202;280;285,,33;35;195
AT2G09235.1,212,37,125,128
AT2G09240.1,94;123,293,113,
AT2G09245.1,186,,192,165;178;188
AT2G09250.1,31;40;71;190,9;12;186,33;46;82,191;217
AT2G09255.1,55,17,91;223,
AT2G09260.1,NA,196,24;162,165
AT2G09265.1,NA,296,274,95;100;114;267;298;324
AT2G09270.1,NA,41,104;109,
AT2G09280.1,18,,,
AT2G09285.1,30,,,200;386
AT2G09290.1,NA,204,97;102;197,98;212;240
AT2G09295.1,225,,173;181,202
AT2G09315.1,NA,NA,NA,260
AT2G09320.1,NA,245;305,100;115,
AT2G09330.1,287;321,117,177;301,
AT2G09355.1,NA,NA,168,163
AT2G09360.1,222;343,308,10;336;423,174;190;373;424;436
AT2G09375.1,NA,138;169;288,81;139;372,15;284
AT2G09380.1,237,90;295,125;132,238
AT2G09385.1,87,,41;81,151
AT2G09390.1,162,46;172,97,133;174
AT2G09405.1,218,49;398,26;203;334;416;430,27;205
AT2G09410.1,NA,NA,NA,NA
AT2G09415.1,NA,279,61;88,
AT2G09420.1,NA,375,,370
AT2G09445.1,83;128,151,379,92;222
AT2G09450.1,NA,NA,51;178,46;121;248
AT2G09480.1,70;233,145;148;196,,118;142;181;239
AT2G09490.1,NA,74,103,
AT2G09515.1,NA,172,69,
AT2G09525.1,142,636,20;49;218;529;550;586,577
AT2G09530.1,NA,139,42;123;173;232,168;219;226
AT2G09535.1,19;32,6;13;41;61,33;34;47,22;26;62
AT2G09540.1,NA,NA,59,
AT2G09545.1,293;313,327,126;246;309;426,249;279;294
AT2G09550.1,144,79;269,351,80;151
AT2G09555.1,NA,NA,NA,237
AT2G09570.1,NA,202;252,39;66,61;181;298
AT2G09575.1,NA,249,25,150;470
AT2G09585.1,30,42;44;55,66;147;226,75;143
AT2G09590.1,NA,NA,89;154,
AT2G09615.1,NA,NA,150;266,316;360
AT2G09620.1,180;318,,129;172;326;491,243;262;319
AT2G09625.1,NA,204;213,106;194;201;210,40;184;189;211
AT2G09630.1,NA,10;40;107;230,42;113;397,
AT2G09635.1,17,233;307;360;372,310;378;392,304;326
AT2G09650.1,232;236,122;133;223;226;234,7;8;33;34;73;100;124;142;168,22;84;119;199
AT2G09655.1,163,,111;130;165;221,87;159;222;229
AT2G09715.1,NA,124,,203
AT2G09720.1,11;128,122,44;133;192;325,141;209
AT2G09725.1,NA,75;84,17;23,
AT2G09730.1,346,,107;115,177;183
AT2G09745.1,334,199;372,305,194;341
AT2G09750.1,NA,217,9;59,22;202
AT2G09755.1,189,21,293,252;368
AT2G09760.1,66;273;370,253;262;457,205,
AT2G09765.1,21,17;40,213;220;225,221
AT2G09770.1,NA,170;233;259,71;124;238;253,161;166;202;234;254;260
AT2G09775.1,NA,NA,66,
AT2G09780.1,NA,22;23;192,,
AT2G09825.1,NA,NA,322,113
AT2G09835.1,91;157,,,
AT2G09845.1,NA,NA,23,
AT2G09875.1,NA,30;47;307,114;218;329,55;62;219
AT2G09915.1,57,46;135;259;286,,62;162
AT2G09955.1,NA,53;138,217;346,8;54;117;219
AT2G09965.1,21,,122,
AT3G00970.1,NA,NA,119,94;197
AT3G00975.1,NA,127;191,94;172,
AT3G00995.1,NA,186,50;100,37;112
AT3G01025.1,NA,NA,9;94,
AT3G01075.1,NA,NA,NA,56;101
AT3G01095.1,15,131,88,10;223
AT3G01105.1,NA,NA,28;33,
AT3G01115.1,30,,98;191,32;201;472
AT3G01125.1,NA,176;182,53;58;108;151,
AT3G01195.1,296;398;404,163,55,
AT3G01225.1,107;192,138,222,157
AT3G01235.1,176,151;154,148;180,11
AT3G01255.1,NA,136,,119
AT3G01275.1,173,56,,
AT3G01285.1,NA,215;241,35;97,27;89;94
AT3G01295.1,NA,NA,NA,NA
AT3G01305.1,NA,57;135;201;240,79;84;167,54;58;241;265
AT3G01315.1,NA,26;218,35;92;205,109
AT3G01365.1,17;164;270,167;193,149;234;303;388,126;294
AT3G01385.1,NA,NA,421,49;284
AT3G01395.1,NA,NA,123;128;298,107
AT3G01425.1,NA,163,31;137,33
AT3G01445.1,NA,62;84,,48;149
AT3G01535.1,10;84,133,,30;134
AT3G01555.1,189;261,143;208,13;16;41;126,120
AT3G01565.1,NA,21,61;100;186;191,86
AT3G01575.1,NA,291,,320;339
AT3G01585.1,83,283,,53;355
AT3G01595.1,NA,NA,99;143;168,145
AT3G01625.1,157,183,,83;149;219
AT3G01645.1,NA,NA,7;9;29;91,46;276
AT3G01655.1,266,109;134,130;174,262
AT3G01665.1,105,20;96;225,21;154;198;230;266;272,267
AT3G01675.1,NA,NA,108,11;100
AT3G01735.1,NA,113,14;297;311,85
AT3G01765.1,39;113,284;317,115,
AT3G01775.1,60,109,43;117,75
AT3G01785.1,96,68,,
AT3G01805.1,NA,NA,NA,NA
AT3G01815.1,NA,NA,58,203
AT3G01835.1,NA,521;540,304;364;543,17;542
AT3G01845.1,NA,152;411;532;589,,349
AT3G01855.1,NA,NA,6;110;271,123;156;259;261
AT3G01865.1,171,11;57,41;69;125;401;499;629;861,
AT3G01885.1,NA,65,287;306,335
AT3G01965.1,NA,178,,51;76
AT3G01975.1,NA,NA,274;295;312,
AT3G01985.1,12;18;316;326,,129;133;307,8;350
AT3G02055.1,NA,NA,47;213;221,191
AT3G02135.1,176,69;202,,
AT3G02145.1,NA,216,292,143
AT3G02155.1,NA,NA,86,63;163
AT3G02195.1,65,26;122,253,
AT3G02235.1,173,,119;148,92;160
AT3G02265.1,NA,NA,42;94;126,17
AT3G02325.1,NA,NA,16;92,
AT3G02345.1,NA,111,171;247,
AT3G02395.1,87;201,241,214;260,8;30;183;211;234
AT3G02405.1,NA,304,127,252;253
AT3G02415.1,NA,9,45;123,
AT3G02425.1,330,126,66,
AT3G02595.1,62,36;42,158,63;64
AT3G02605.1,NA,NA,9;90,84;193
AT3G02615.1,40,46,22,239
AT3G02625.1,NA,173,313,249
AT3G02635.1,NA,NA,10;187,11
AT3G02655.1,NA,67,158;209,84
AT3G02665.1,NA,NA,NA,NA
AT3G02685.1,NA,NA,NA,NA
AT3G02695.1,NA,87;177;203;207;212;246,65;238,242;339
AT3G02705.1,NA,NA,76;102,
AT3G02735.1,NA,NA,368,182;183
AT3G02745.1,NA,101,,131
AT3G02775.1,14;79,,10;45;85;117,81
AT3G02785.1,236,228,145;149;170;207;229,39;129
AT3G02805.1,NA,176,72;276,70;76;111
AT3G02815.1,NA,NA,112;187,
AT3G02825.1,NA,186;257,179;200;263;360;545,33;43
AT3G02835.1,NA,333,250;257,
AT3G02895.1,NA,189,146,152;184
AT3G02905.1,NA,NA,179;206,
AT3G02945.1,NA,149;200,9;253,26;38;78;227
AT3G02955.1,161,,,
AT3G02985.1,NA,6;207,17;146;281,
AT3G02995.1,NA,NA,136,
AT3G03005.1,NA,NA,11;18;52;271,15;88;89;305
AT3G03035.1,7;428,138;140;143;145;473;795,63;107;202;437,57;272;467;470;541
AT3G03045.1,40,49;52;71;123,234;251,33;107;120
AT3G03055.1,NA,390,15;140;145;346,88;130
AT3G03075.1,NA,272;351,11;17;108;193,21;217;315
AT3G03085.1,25;62,69,96;132,7;66;198
AT3G03115.1,NA,8,119;174,153
AT3G03165.1,NA,21;48;60;123;164,9;270;293;301;310;323;352,15;27;42;124;269;294;302;329
AT3G03195.1,124,43;137,40;81;93,27;32;99;106;113
AT3G03205.1,70,53,21;23;29;166,50
AT3G03285.1,NA,NA,260;339,173;342
AT3G03295.1,NA,190,43,28;191
AT3G03325.1,NA,NA,225;251,281
AT3G03335.1,NA,NA,NA,NA
AT3G03345.1,152;161,164,20;171;216,169;213
AT3G03355.1,NA,8;315,331,20
AT3G03365.1,107;276,223;231;332,,237;313
AT3G03375.1,77,151;165,,
AT3G03435.1,187;200;206,237;317,9,39
AT3G03455.1,NA,NA,46;65;172,
AT3G03465.1,NA,14,10;48;53,
AT3G03495.1,75,225,112;120;122;206,322
AT3G03505.1,140,69;139,29;72;124;147,
AT3G03515.1,223,199,6;203,
AT3G03525.1,NA,206,,
AT3G03555.1,165;289;336,,137;217;283;341,290;356
AT3G03595.1,NA,47;188,,191
AT3G03605.1,9,,,
AT3G03615.1,108,,127;199,89;170
AT3G03635.1,177;229,158,,260
AT3G03645.1,220,109;171;298,,
AT3G03655.1,NA,384,304,
AT3G03665.1,NA,NA,53,
AT3G03675.1,NA,121,,
AT3G03685.1,50;115,6,67,8
AT3G03705.1,NA,309;346,365,387;389;395
AT3G03715.1,184;219,,225,109;241;320
AT3G03725.1,429,,23,135
AT3G03735.1,NA,9,,
AT3G03755.1,NA,37,,
AT3G03765.1,NA,NA,173,112
AT3G03775.1,145,100,34;63;153;236,36;68;128;306
AT3G03795.1,52,,24,76
AT3G03805.1,28,43;201,37;87;396,217;415
AT3G03825.1,106,259,,40;222;260;281
AT3G03835.1,NA,240,,111;355
AT3G03875.1,NA,NA,NA,6
AT3G03905.1,NA,168,18;20;165,9;214;231
AT3G03915.1,NA,47,,169
AT3G03925.1,NA,NA,NA,157
AT3G03935.1,NA,170;300,95,89;298
AT3G03945.1,22;135,114,,201;215
AT3G03985.1,273,16;60;87;158;172;253;508,324;397;402;444,84;152;342;445
AT3G03995.1,11;17;136;259;315;370,80;186;190;222;284,178;255;376,363;364
AT3G04005.1,186,,172;255,
AT3G04045.1,NA,NA,NA,NA
AT3G04065.1,NA,14;17;121,,66
AT3G04085.1,NA,59;114;146,104,
AT3G04095.1,183,,26;227,72;128;261
AT3G04115.1,96;103,65,34,68;325
AT3G04125.1,73;115;125;139,211,60,25;192;205;206
AT3G04145.1,NA,NA,52,
AT3G04205.1,NA,139;145,,
AT3G04215.1,155;171,,,
AT3G04225.1,NA,349,294,310
AT3G04235.1,502,364,72,439;448;451
AT3G04245.1,NA,64,,
AT3G04265.1,NA,NA,NA,NA
AT3G04295.1,NA,NA,NA,38;97;206
AT3G04305.1,NA,NA,44,
AT3G04315.1,NA,NA,273,40;116
AT3G04325.1,NA,44;170,81,87
AT3G04335.1,171,,69,109
AT3G04345.1,NA,NA,17,23;57
AT3G04365.1,NA,NA,19,
AT3G04375.1,NA,200,175,
AT3G04385.1,NA,82,75;83,84;172
AT3G04395.1,NA,183,179;184,177;178;309
AT3G04405.1,47,140,131,
AT3G04415.1,191,277,144,
AT3G04425.1,44;117,18,54;131;141,
AT3G04435.1,NA,NA,222,
AT3G04455.1,NA,41;146,7;46,284
AT3G04475.1,NA,80;206;291,143;287;304,24;203;231
AT3G04495.1,NA,70;181;196;205,218;241,
AT3G04505.1,NA,86,130,127;301
AT3G04515.1,NA,NA,NA,NA
AT3G04555.1,NA,NA,72;89;128;174,169
AT3G04565.1,76,58,78;413,65;67;119;171;314;366
AT3G04575.1,NA,NA,NA,NA
AT3G04585.1,451,463,452,82
AT3G04595.1,NA,NA,76;139;153,
AT3G04625.1,NA,NA,36;217,
AT3G04645.1,NA,16,,
AT3G04665.1,NA,NA,NA,NA
AT3G04675.1,NA,82,,75
AT3G04705.1,148,157,,
AT3G04725.1,104;115,60;66;327,127;338,69;175
AT3G04745.1,18,244;286,,483
AT3G04775.1,21,373;445,197;297,155;605
AT3G04795.1,NA,10;130,127;202,46
AT3G04805.1,NA,17,141,53;110
AT3G04815.1,219,,7;96;160,90;94
AT3G04845.1,NA,NA,64,
AT3G04875.1,NA,NA,28,53
AT3G04895.1,NA,NA,NA,72;145
AT3G04925.1,NA,NA,NA,NA
AT3G04935.1,NA,356,51,218;260
AT3G04955.1,NA,NA,81;86;292;345,123;410
AT3G04975.1,173,132;448,274;433,
AT3G04995.1,NA,62,199,79;227
AT3G05005.1,244,,40;264,
AT3G05025.1,15;239,209;286,242,17;20;177;219;231;252
AT3G05045.1,283,11;250;295,302,
AT3G05055.1,9;36,,,
AT3G05085.1,216,105,222,54;259
AT3G05095.1,NA,161;281,110,30;223;251;353
AT3G05105.1,NA,NA,8;125;193;327,
AT3G05125.1,60;127,85,46;220,
AT3G05135.1,254,,11;34;104;223,140
AT3G05175.1,NA,NA,55;149;184,
AT3G05195.1,NA,24,61;132,125;162
AT3G05205.1,NA,NA,NA,NA
AT3G05225.1,NA,52;71;274;299,41;49;76;139;172;247;338;373;380,35;102;169;232
AT3G05235.1,NA,NA,NA,255
AT3G05245.1,376;380;412,406;436;442,325;422;445;563,360;418;589
AT3G05265.1,NA,NA,60,
AT3G05275.1,NA,NA,112,17;34;42
AT3G05295.1,NA,44,23;104;501,105
AT3G05305.1,NA,NA,60;154,
AT3G05315.1,112,,,
AT3G05375.1,NA,NA,108,
AT3G05385.1,NA,189;193,171;190,202
AT3G05395.1,NA,169,,
AT3G05445.1,NA,194,,274;285
AT3G05455.1,NA,NA,117,
AT3G05465.1,230,19;108;168,49;260;267;358;363,
AT3G05475.1,151,,214,22
AT3G05485.1,NA,NA,203,
AT3G05495.1,192,157;195;482;498,29;104;142;266;553,160;554;578
AT3G05505.1,NA,231,79;135,
AT3G05535.1,252;353;365,,,249;273
AT3G05555.1,NA,23;167,,
AT3G05585.1,NA,12;32;113;263,19;22;155,122;140;223;228
AT3G05595.1,119,22;300,26;28;36;51,23;33;54;202;334
AT3G05605.1,NA,139,,
AT3G05635.1,202,196,9;319,90;264;270
AT3G05645.1,NA,NA,NA,48
AT3G05655.1,NA,56;83,,77
AT3G05665.1,NA,NA,17,214
AT3G05695.1,NA,169;234,199,249
AT3G05705.1,NA,NA,NA,52;140;198;199
AT3G05735.1,432,346,75;422;488,
AT3G05745.1,33,15,,17
AT3G05765.1,NA,NA,NA,NA
AT3G05785.1,342,205,206,198;389
AT3G05795.1,122,62;208,38;184;185,63;79;160;182;204;223
AT3G05805.1,NA,NA,56,
AT3G05815.1,31,45;173,85;145,129;174
AT3G05825.1,NA,NA,74,53
AT3G05845.1,NA,NA,NA,79;182
AT3G05855.1,NA,230,94,
AT3G05885.1,NA,192,57;506,297
AT3G05895.1,NA,305,218,281
AT3G05915.1,NA,86,,186
AT3G05925.1,NA,25,,
AT3G05945.1,106;221,228,223;233;271;295,
AT3G05955.1,NA,88;112;473,124;238,89
AT3G05965.1,NA,6,,45
AT3G05995.1,98;205;235,153;168;190;195;231;262;276;367,54;102;164;169;201;295;302;375;384,10;22;154;162;206;219;244;329;378
AT3G06015.1,NA,212,217;249,121;244
AT3G06025.1,185;289,233,342,92;113;187;277;290;303
AT3G06045.1,NA,NA,217,
AT3G06055.1,NA,94,,110
AT3G06065.1,375,496,130;174;389;408;413,123;497
AT3G06075.1,NA,143,,16;36;275;278
AT3G06095.1,NA,101,287;330,
AT3G06115.1,280;391,253,385,517
AT3G06135.1,NA,NA,NA,8
AT3G06155.1,200,77,201,21;52;161
AT3G06165.1,198,,,164
AT3G06185.1,NA,NA,236,134
AT3G06205.1,NA,126;332;362,77,8;266
AT3G06215.1,NA,280,27,6;195;266;302
AT3G06225.1,31;152,,,14;89
AT3G06235.1,NA,NA,39,
AT3G06245.1,77,,191,82;108
AT3G06255.1,NA,NA,111;161;222,
AT3G06265.1,335,,115;256;376,182
AT3G06275.1,53,188,66,61;76
AT3G06285.1,NA,NA,38,206
AT3G06295.1,NA,NA,84;153,
AT3G06315.1,114,,36;169;329,148;324
AT3G06355.1,152;321;373,20;26;32;119;141;193;314;378,85;123;315;384;416;428;435;444;456,158;196;208;323;329;409;429;437;438
AT3G06375.1,230,235,163,154;195
AT3G06385.1,261,,111,13
AT3G06395.1,138,,105,
AT3G06405.1,NA,NA,NA,NA
AT3G06415.1,304,8;46;93;342,85;229,359
AT3G06425.1,NA,56;238,,51
AT3G06465.1,121;268;298;311,259;313;391,302;321,252;277;289;489
AT3G06475.1,NA,NA,NA,194;371
AT3G06485.1,NA,NA,NA,NA
AT3G06495.1,NA,NA,124;438,278
AT3G06515.1,263,,,170
AT3G06525.1,54,,,
AT3G06535.1,NA,NA,273,67
AT3G06555.1,NA,7;13,72;173,43
AT3G06565.1,NA,253;397;422;548,358;373;378;419,114;288;483
AT3G06575.1,NA,280,,
AT3G06585.1,NA,116,81;473,80
AT3G06605.1,NA,NA,NA,NA
AT3G06615.1,NA,101;488;503;538,52;427,49;210;226;563
AT3G06625.1,198,15;195;205,39;89;120;188;237,307;358
AT3G06635.1,70;100;106;191,57;210;308;454,14;303;406;416,121;170;309;486
AT3G06645.1,NA,NA,59,67
AT3G06655.1,182,96;126;233,184,91;247
AT3G06675.1,NA,17;25;140;267;362,118,141;251
AT3G06685.1,NA,NA,377,76;383
AT3G06695.1,NA,NA,203;227,
AT3G06715.1,102,110;118;190;206;223,10;56;74;97;119;164,26;86
AT3G06725.1,NA,63,,9
AT3G06735.1,NA,NA,NA,225;231
AT3G06745.1,NA,NA,6;20;141,
AT3G06755.1,NA,70;109;151;157;210,71;117;218,125
AT3G06765.1,43;116;122,21;111,90;232,
AT3G06775.1,NA,248,255,237;243
AT3G06785.1,NA,NA,53,
AT3G06795.1,NA,45,82;200,95
AT3G06805.1,191,93;147,111;141;181,13
AT3G06815.1,NA,72;90,108;163;168,
AT3G06835.1,NA,NA,241,131
AT3G06845.1,191,,46;83,199
AT3G06855.1,137;257;350,200;279;284,195;258;348;380,134;242;243;378;388
AT3G06905.1,72,223,124;158,64;229
AT3G06915.1,NA,46,,158
AT3G06925.1,NA,NA,14;291,66;255
AT3G06935.1,NA,NA,258,
AT3G06955.1,NA,122,,
AT3G06975.1,NA,61;293,134,29;31;118;172;190
AT3G07045.1,NA,NA,27;229;404,83;202
AT3G07075.1,NA,NA,NA,NA
AT3G07085.1,NA,76,,61
AT3G07125.1,NA,183;211;231,147,180;218
AT3G07135.1,209;215;334,311;327;379,42;144;203;291,275
AT3G07155.1,172,,55,141;168
AT3G07165.1,NA,41;50,95,74;84;205
AT3G07225.1,NA,NA,211,169
AT3G07235.1,371,,81;234;238;343;372;377,251
AT3G07245.1,NA,51,,45
AT3G07275.1,NA,NA,224,
AT3G07295.1,NA,126;147,49,
AT3G07325.1,NA,300,,8
AT3G07335.1,NA,25;81,84;266,90
AT3G07345.1,NA,65,,84;208
AT3G07395.1,NA,NA,140,
AT3G07405.1,479,278;352;511,303;349;357;375;444;506;565,315;382;471
AT3G07415.1,22;66,16;17;224;245;266,225;267,88;92;195;242;259
AT3G07435.1,NA,163,64;116;195,27;94;172;173
AT3G07465.1,NA,107;140,,108;194
AT3G07475.1,NA,333,220;338,226;238;324
AT3G07495.1,11,,,12;25;206
AT3G07505.1,8,,429;478,71;101;550;554
AT3G07545.1,49;256,,162,69;86
AT3G07555.1,NA,30;130;175;397;400;403,32;58;172;194;203;408,59;365;383;384
AT3G07585.1,110;118,47,31;63;124,
AT3G07645.1,250,,105;157,
AT3G07655.1,222;376,209,132,281
AT3G07665.1,183,146;407,221;332,174;255;268
AT3G07675.1,NA,NA,NA,87
AT3G07745.1,NA,226;235,,229
AT3G07765.1,NA,182,,55
AT3G07775.1,16,215;368;450,124;167;315;374,274;477;482
AT3G07815.1,NA,22,,
AT3G07845.1,NA,NA,95,
AT3G07855.1,142;239,120;378,,232;367
AT3G07865.1,NA,NA,NA,NA
AT3G07895.1,NA,46;180,51;271,52
AT3G07905.1,NA,116;275,256,32;37
AT3G07915.1,191,18,,100
AT3G07935.1,NA,NA,NA,NA
AT3G07945.1,NA,57;230,108;124,139
AT3G07955.1,NA,NA,13,168
AT3G07965.1,NA,54;76,354;394,451
AT3G07975.1,107,258,131,80;108;145
AT3G07985.1,NA,NA,54;188;231,
AT3G07995.1,206,101,138,192
AT3G08005.1,NA,NA,126;134;181;220;267,123
AT3G08025.1,NA,NA,137;138;181,144
AT3G08035.1,228,,,
AT3G08050.1,128,155,54,49;117
AT3G08055.1,10;19,13,92;113;119,
AT3G08065.1,168,125,132,91
AT3G08080.1,NA,206,,103;158
AT3G08090.1,NA,161,154;204;241;303,
AT3G08100.1,NA,NA,112;159;206,
AT3G08105.1,160;191,,263,219
AT3G08110.1,NA,NA,126,
AT3G08115.1,NA,556;557;585;852,496;504;519;525;937;973,530;586;724;785;797
AT3G08120.1,NA,23;52;243,240,54;68;246
AT3G08125.1,35,,55;175,
AT3G08130.1,30,,,17
AT3G08135.1,NA,NA,63,
AT3G08140.1,62,29;68;110,63;104,65;70;113
AT3G08155.1,200,115,92;181;216,145
AT3G08160.1,NA,51,97;105,17
AT3G08175.1,86,,175,
AT3G08185.1,NA,NA,147;195,327
AT3G08190.1,NA,59;195,,51;120
AT3G08200.1,NA,9,40,10
AT3G08205.1,NA,NA,206;223,
AT3G08250.1,127,245,,122;123
AT3G08255.1,NA,196,,
AT3G08260.1,NA,43;166,104;186,136
AT3G08265.1,228,222;343;397;434,14;435,
AT3G08270.1,NA,NA,12;175,63;143
AT3G08280.1,200;259,261,,159
AT3G08290.1,8;38,23;151,155,10;34
AT3G08295.1,20;103,,29;67,94
AT3G08310.1,NA,119,,
AT3G08315.1,NA,206;470;489,156;343;419;464,345;472;601
AT3G08325.1,NA,NA,207,10
AT3G08330.1,44,,35,
AT3G08335.1,NA,34;111;125,,120
AT3G08340.1,NA,149,153;159,
AT3G08345.1,63,,50,97
AT3G08355.1,NA,114;184;195,66;246,60;126;248;404
AT3G08360.1,35,283,37;73;340,51;66;247
AT3G08370.1,45,15;48;68;75;152,39;40;70;158;239,259
AT3G08380.1,NA,223,58;234,170;224
AT3G08390.1,147;275;288,160;189;299,97;105;153;290,23;183;278
AT3G08395.1,NA,193,134,200
AT3G08415.1,NA,NA,109;134,216
AT3G08420.1,NA,NA,81;139,76
AT3G08430.1,224,198;201,,191
AT3G08435.1,23,30,134,20;375
AT3G08450.1,NA,233,114;179,
AT3G08455.1,NA,22,32,17;24;180
AT3G08460.1,NA,122;173;264,48;56,147
AT3G08465.1,NA,160,149,243
AT3G08495.1,165;275;328;402;408,67;255;264;276;446;573;594,110;125;126;157;158;290;295;574;708,113;296;579;583;585
AT3G08535.1,101;107,83;129;251,90;135;401,85;164;198;207
AT3G08545.1,12,,6,
AT3G08585.1,27;134,15;32,18,
AT3G08595.1,NA,NA,NA,114
AT3G08715.1,144,24;189,,181
AT3G08725.1,NA,202,,194
AT3G08745.1,NA,163,192;381,
AT3G08755.1,21;34,15;67,24;264,69;204;206
AT3G08765.1,109;440,125;435;567,455;572,16;214;677;678
AT3G08775.1,NA,NA,NA,185
AT3G08815.1,NA,NA,72;237,110
AT3G08825.1,NA,NA,NA,NA
AT3G08835.1,NA,202,,229
AT3G08845.1,248;456;506;512,257;464;534,251;495;501;535,
AT3G08855.1,182;268;285;335,147;242;247;355;397,163;205;243,292;340;352;371
AT3G08875.1,218,135,131,237
AT3G08905.1,144,18;69,51;78;177;218;274;306,108;301
AT3G08915.1,NA,20;83;178,334,
AT3G08925.1,NA,NA,73;115,100
AT3G08935.1,NA,281,,
AT3G08965.1,93,301,,236;440;441
AT3G08985.1,NA,116,128;167,159
AT3G09015.1,213,,225,62;179
AT3G09025.1,9,,26;207,
AT3G09045.1,NA,206;346,69;184;188,110;347
AT3G09065.1,82,,,127
AT3G09075.1,319,173;231,178;200;206,33;174;208;288;304
AT3G09095.1,317,92;301,95;293,12
AT3G09105.1,NA,21;298,,68
AT3G09115.1,116;172,,239,241
AT3G09125.1,NA,NA,NA,NA
AT3G09185.1,NA,192,,224;247
AT3G09195.1,NA,NA,165,
AT3G09205.1,228,,218,
AT3G09245.1,NA,NA,63,
AT3G09255.1,NA,NA,NA,47;81
AT3G09265.1,223,9,,45
AT3G09315.1,8,11,50,53;99
AT3G09325.1,NA,27;148;247,177,171;232
AT3G09335.1,NA,NA,47;126,49
AT3G09345.1,10;19;140;147,71,,58;169;181;217
AT3G09355.1,NA,NA,19;96;160;164;179,15;20;21;88;170;255
AT3G09365.1,263,379,300,232;301;374;410
AT3G09395.1,NA,191,,
AT3G09415.1,774,249;730,567,561
AT3G09435.1,NA,8;134;144,161;205,157
AT3G09425.1,NA,NA,36;69;94;99,95;187;222
AT3G09445.1,NA,NA,20;64;99,
AT3G09465.1,433,253;574,378;412;637,209;352;353;387
AT3G09475.1,123,,,
AT3G09485.1,NA,78;458,19;451,
AT3G09525.1,NA,169;360,70;165;216,490;543
AT3G09545.1,101;237,119;180;202;461,10;159,109;378
AT3G09555.1,NA,185;224;227,7;11;29;106;188;234;239,8;155
AT3G09565.1,111,100;259;270,157;159;316;318;368,369
AT3G09605.1,NA,37;207,,186
AT3G09665.1,446;448,44;378;416,72;141;274;307;344,
AT3G09675.1,NA,NA,NA,158;225
AT3G09685.1,NA,NA,NA,NA
AT3G09695.1,NA,148;158,,13
AT3G09705.1,NA,92;204,10;45;244,229;264;290
AT3G09755.1,71,147,34,190
AT3G09765.1,NA,199,,
AT3G09775.1,NA,257,204;285;393;410,331;360
AT3G09785.1,139,,90;114;118;151,93
AT3G09825.1,20,,,
AT3G09835.1,110,7;329;387,,65;411
AT3G09845.1,85,38;43;220;226,105;179,
AT3G09855.1,NA,106;174;227;267,,242
AT3G09935.1,172,20,166,
AT3G09945.1,79,,74,65
AT4G03525.1,NA,197,126;128;169;191,175
AT4G03535.1,196;206,259;267;398,135;181;219;253;260;264,28;213;269
AT4G03545.1,NA,280,133,155
AT4G03555.1,467,17;232;461,147;233;352,
AT4G03575.1,73;95;164,106;167,91;129;161,
AT4G03665.1,114,199,24,109;200
AT4G03715.1,NA,NA,NA,NA
AT4G03765.1,NA,243;249;373,325;391;424,191;368
AT4G03785.1,NA,25,74;92;272,7;26
AT4G03805.1,NA,NA,279,62;102;103;196
AT4G03815.1,13;192;262;294,199;242;278;289,,258;259;283
AT4G03855.1,NA,NA,219,
AT4G03875.1,192,166,76;77;167;201;202,45
AT4G03905.1,242,211;229;464,294;421,74;458
AT4G04015.1,NA,145;432;449,174;221,
AT4G04065.1,359,,56;62;363,9;10
AT4G04085.1,NA,428,37;140,
AT4G04115.1,NA,288,108;234;296;311,
AT4G04195.1,NA,16;30;63,206,39;184;209
AT4G04215.1,NA,15,21,55
AT4G04235.1,NA,NA,NA,NA
AT4G04285.1,NA,70;110,,
AT4G04295.1,NA,177,,
AT4G04305.1,205,136;233,24;66;142,
AT4G04345.1,97,149,206,
AT4G04355.1,NA,NA,NA,25;85;86;92;262
AT4G04385.1,NA,176,,
AT4G04535.1,NA,346;470,56;203;272,149;267;306;421
AT4G04565.1,250,211;293,219;244;255;307;330;337;373;471,11;144;264;493
AT4G04585.1,104,,44,99;249
AT4G04625.1,287,,,288
AT4G04645.1,140,96;146,29,6
AT4G04665.1,68,,62,
AT4G04675.1,NA,256,55;207;223;261,
AT4G04755.1,NA,86,126,
AT4G04765.1,207;309;338,80;259;568,523;601,203
AT4G04785.1,NA,429,407;430;559,200;477
AT4G04795.1,165,57;109;127;251,69;189,102;334
AT4G04805.1,NA,NA,78;338,96
AT4G04815.1,NA,NA,NA,64;128;206
AT4G04855.1,NA,NA,NA,NA
AT4G04865.1,395;457,435,154,177;436
AT4G04875.1,NA,NA,NA,218
AT4G04895.1,NA,14;56,124,131;132
AT4G04905.1,126,,,130
AT4G04945.1,281,,115,
AT4G04965.1,NA,NA,35;133,
AT4G04975.1,265,27;283;289,,284
AT4G04995.1,NA,NA,50;57,23
AT4G05005.1,NA,NA,NA,NA
AT4G05025.1,131;168;229;328;365,44;69;266,80;110;151;178;249;277;348;378,86;125;184;223;283;322
AT4G05075.1,130;220;287,203;239;275,170;215,240
AT4G05085.1,93,,121;292;400,116;285;411;412
AT4G05115.1,NA,NA,210,119
AT4G05125.1,NA,34;55,79;114,72;110;192
AT4G05135.1,160,51,30;247;348;363,255;413
AT4G05205.1,188;214;236;264;381,95;172;239;337;340;527,269;289;518;540,166;167;282;334;375
AT4G05215.1,NA,NA,40;129;137,246
AT4G05225.1,NA,45;179,165,
AT4G05235.1,120;149,50;360,35;166,70;163
AT4G05245.1,227;272,229,38,
AT4G05255.1,NA,NA,NA,252
AT4G05275.1,NA,76,69;73;147;148;188;234,23;26;32;39;81;85
AT4G05285.1,214;241,228,16;284;303,86;142;177
AT4G05295.1,213;484,,347;647,38;209;290;381;452;456;661;781;792
AT4G05315.1,412,383,52;339;375;419,20;280
AT4G05335.1,NA,NA,NA,NA
AT4G05355.1,NA,71;570,368;549;554;582,
AT4G05375.1,33,,40,92;149;156;171
AT4G05385.1,NA,9;41,,
AT4G05425.1,NA,NA,NA,120
AT4G05435.1,NA,76;181,79;99,149
AT4G05445.1,NA,NA,262,180
AT4G05465.1,NA,NA,6,8;169;292
AT4G05485.1,NA,NA,NA,166;173;188
AT4G05525.1,224;355,145;380,61;174;377,112
AT4G05535.1,175;339,44;55;71;136;167;395,42;81;112;153;159;290,115;121;151;154;184;279;315;333
AT4G05545.1,119,,99;114;170,71
AT4G05565.1,103,,223,203;224
AT4G05605.1,NA,127;139,86;122,61;151;388
AT4G05615.1,52,41,42,98
AT4G05625.1,NA,109;115;231;238;389;413;445,90;420;441,300;362;370;392;409;447
AT4G05645.1,NA,298;444,36;419;528;576,37;50
AT4G05650.1,NA,71;272;277;367,,320
AT4G05655.1,NA,151;216,41;128,137
AT4G05660.1,NA,65,265;320,
AT4G05665.1,NA,NA,NA,NA
AT4G05670.1,244,311;388,13;254;319;383,359;380
AT4G05675.1,NA,255,142,
AT4G05695.1,105,7;91,,118;154
AT4G05700.1,NA,NA,NA,72
AT4G05705.1,NA,101;105;114;139,176;210,204
AT4G05710.1,NA,55,162,72
AT4G05715.1,NA,547,342;346;390;438;459;492;504,279;391;394;400;411;487;488;499;575
AT4G05720.1,NA,73,104;162;224,75
AT4G05730.1,NA,146,47,
AT4G05740.1,NA,NA,81;185,
AT4G05745.1,NA,NA,NA,235
AT4G05750.1,NA,14;159,,
AT4G05765.1,294;299;357;362,,105,202
AT4G05770.1,326,110;288,60,266
AT4G05780.1,12;76;419;560,71,320,128
AT4G05790.1,NA,108;162,,136;487
AT4G05795.1,96;142;288,,170;203;260,155;163
AT4G05805.1,NA,253,39;169,6;164
AT4G05840.1,NA,NA,NA,NA
AT4G05845.1,NA,15;209,,
AT4G05850.1,NA,74,,
AT4G05865.1,280;345,314,85;259;308,323;338;352
AT4G05870.1,NA,NA,NA,NA
AT4G05875.1,NA,NA,17;192,19
AT4G05885.1,10,,106;198;219;301,
AT4G05880.1,358,178;267,125;222;277;325;336;346;369;486,181;237;322;365
AT4G05890.1,329,96;173;317,324,174;208
AT4G05895.1,51;208,43,52;123;178,
AT4G05900.1,22;123,318,321,87;195;283
AT4G05920.1,NA,NA,127,14
AT4G05945.1,NA,187,192,
AT4G05950.1,89;95,81,19;110;145,112
AT4G05965.1,NA,274,13;155,212;221
AT4G05970.1,162,,145;153,
AT4G05975.1,NA,354,,
AT4G05980.1,NA,175,,
AT4G05985.1,NA,92;126;129;230,72,192;206;253
AT4G05990.1,NA,16;93,259,253
AT4G05995.1,153,323,43;54,285;340
AT4G06000.1,NA,NA,81,
AT4G06005.1,NA,NA,NA,13;195
AT4G06045.1,NA,89;222,302;360,90;196;428
AT4G06050.1,NA,73;206;226,79;189;239,89;207
AT4G06055.1,125,,,10;71
AT4G06065.1,NA,136;336,258,300
AT4G06070.1,NA,89,,
AT4G06080.1,180,,118,
AT4G06085.1,121;302;434,25,75;420;490;509;523;590,383;667
AT4G06090.1,NA,122;155;211,105,
AT4G06095.1,NA,NA,NA,278;299
AT4G06105.1,NA,NA,NA,NA
AT4G06115.1,NA,204,,102
AT4G06140.1,NA,58;146,,
AT4G06145.1,NA,106,,143
AT4G06155.1,145;285;321,280,136;290,139;287
AT4G06160.1,463;595,14;241;247;466;545,17;362;380;472;528,553
AT4G06165.1,355;462,346,68,309;344
AT4G06170.1,NA,NA,NA,NA
AT4G06185.1,NA,90,,174;187
AT4G06195.1,NA,284,262;353,214;267;295;348;390
AT4G06200.1,NA,NA,NA,206
AT4G06205.1,325,15;29;189;307,,184;300;301
AT4G06225.1,142,59,15;65;66;221,34;62;63;235;274
AT4G06235.1,NA,NA,289,290
AT4G06265.1,NA,24;140;149;247;348,343;646;676,59;151;572;667;675
AT4G06280.1,78,,71;81;149,104
AT4G06285.1,282,,18;71,309
AT4G06290.1,149,,34;165,6;21
AT4G06295.1,NA,93;119;178;195,,
AT4G06300.1,NA,103;116;230,114,
AT4G06330.1,150;199,,21;201;219,44;216
AT4G06335.1,NA,22;33;185;222;364,24;25;402,23
AT4G06345.1,69,,6;11,46;75;140
AT4G06365.1,235;320,200;215,125;194;252;341,160;236;257
AT4G06370.1,NA,NA,87;259,314
AT4G06380.1,12;58,64,256;262,54
AT4G06385.1,205;209,,70;93,63;71;102;104;105;141;182;210;212
AT4G06390.1,6,,,86;233
AT4G06400.1,NA,147;169,141;161,61;148;153
AT4G06425.1,318,254,181;314,204;268;312
AT4G06440.1,6,,,
AT4G06445.1,NA,137;191,56;219,198;216
AT4G06450.1,148;154;292,134;203;389,,34;197;204;393
AT4G06455.1,220,244;408,,119;201;233
AT4G06460.1,NA,171,,84;101;188
AT4G06675.1,NA,NA,165;184,99
AT4G06715.1,293;338,236;417,77;137;139;147;152,297
AT4G06725.1,NA,54;213;235,108;231;266,46;236;267
AT4G06755.1,24;30;234,206;379;431,,32;87
AT4G06760.1,NA,173,38;150,91;168;169
AT4G06765.1,NA,217,,83
AT4G06795.1,NA,258;539,261;286;304;345;506;532;536,251;346;404;405
AT4G06800.1,NA,NA,256,65;74;75
AT4G06805.1,NA,264,17;22;68;75;92;151;229,42;43;45;90;148
AT4G06810.1,60;84,498,156;230;274;483,186;251
AT4G06815.1,NA,NA,NA,144
AT4G06820.1,118;184,,,
AT4G06825.1,NA,246;256,24,
AT4G06830.1,NA,211,,21
AT4G06835.1,NA,NA,136;174,
AT4G06845.1,116,,,197
AT4G06850.1,NA,335,,306
AT4G06855.1,NA,36,,
AT4G06860.1,308,54;277,144;242;243;309,131;194
AT4G06880.1,NA,NA,NA,368
AT4G06885.1,NA,26,170;183,39;54;55
AT4G06890.1,NA,NA,174,131
AT4G06895.1,46;55;119;141,24;83;89;108,210,63;74;95;120
AT4G06900.1,73;104;587,637,330,351;354;357;582;640
AT4G06905.1,NA,NA,NA,182
AT4G06910.1,164,152,165,98
AT4G06920.1,NA,NA,216,
AT4G06930.1,NA,176,,
AT4G06925.1,NA,145,140;162,134;180
AT4G06935.1,24,,248;317;324,231;237;318;448
AT4G06945.1,NA,180,,7;14;103;104;181;243
AT4G06950.1,NA,NA,40;179,15
AT4G06955.1,70,121,25;337,
AT4G06960.1,NA,NA,85,80
AT4G06965.1,474,6;12;223,275;519;637;639;640,50;281;475;576;605
AT4G06970.1,282,125;231,155,
AT4G06975.1,NA,NA,NA,36;73;149;225;264;301;340
AT4G06980.1,NA,172,,
AT4G07010.1,NA,193;211;279,397,232
AT4G07015.1,NA,NA,53;60,62
AT4G07020.1,NA,203;292,37;44;218;239,
AT4G07025.1,34,,37,
AT4G07040.1,353,,170;207,72;189
AT4G07045.1,52,261,44;121;190;274,25;59
AT4G07050.1,NA,139,98,91;423
AT4G07055.1,314,332;404;458,201;321;335,43;386;449
AT4G07060.1,NA,163,100;191,
AT4G07070.1,10;32,75;106,107;116,114
AT4G07090.1,57;235;345;389,22;206,173;368;424,185;244;309;383;404
AT4G07105.1,NA,130,133,
AT4G07110.1,NA,66,8;105;194,61;72;74
AT4G07115.1,112,,,6
AT4G07125.1,NA,396,48;155;256;318,429
AT4G07135.1,64;142;372;389,237;243;250;329,21;41;179;205;268;324,22;144;214;238
AT4G07150.1,NA,201;272;366;369,22;161;163;182;261,157;167;226;264
AT4G07160.1,NA,100;220,,46;157
AT4G07170.1,NA,152,,215
AT4G07175.1,NA,NA,177,198
AT4G07180.1,NA,NA,223;235;271,202
AT4G07185.1,238,118;148;170,95;188;205,89;101;140;141;239
AT4G07200.1,20;271,400,146,272;394
AT4G07205.1,NA,225,,
AT4G07210.1,NA,198,68;225,81;153;199
AT4G07215.1,NA,NA,NA,46
AT4G07225.1,NA,NA,29,
AT4G07220.1,225;234,,18;157;207,144;146;150;191;336
AT4G07230.1,98,103;115;117;159,,65;161
AT4G07235.1,132;144;162,124;248;294,190;310;317;332,184;228;263;318
AT4G07240.1,NA,17,18;133;179,122
AT4G07245.1,444;448,323,18;438,
AT4G07250.1,103;180,,62;80,176
AT4G07265.1,9;21,15;183,18;124;204,119
AT4G07270.1,NA,NA,152,204;231
AT4G07280.1,NA,NA,NA,NA
AT4G07295.1,NA,358,187;363,9;52;158;217
AT4G07300.1,154,17;119,49;157,124
AT4G07305.1,209,,158;204,211;217
AT4G07335.1,NA,NA,NA,NA
AT4G07345.1,NA,NA,118;213,
AT4G07375.1,9,237,,
AT4G07385.1,NA,NA,74;237;455;544,198;200;238;421;433;545
AT4G07395.1,NA,NA,NA,293
AT4G07465.1,335,111,108;243;326,115;289;327
AT4G07505.1,24,105;130;159,120;256,33;95;237
AT4G07535.1,232,,266;288,223;226
AT4G07545.1,NA,66,168,19
AT4G07575.1,NA,NA,26,
AT4G07645.1,NA,44,48;146,272
AT4G07665.1,107,108;117;201;216,118,126
AT4G07715.1,41,129;315,,309
AT4G07745.1,NA,NA,77;128,132
AT4G07765.1,NA,178;398,228;233,122;184;389
AT4G07775.1,51,33,203,
AT4G07785.1,8,,,13
AT4G07805.1,NA,157,160;424;499,258;425
AT4G07815.1,NA,140;283,,100;151;305
AT4G07845.1,68,,,59;70
AT4G07865.1,NA,188,78;151;216;559,71;181;189
AT4G07905.1,NA,211;220,256;266;289,
AT4G07925.1,NA,NA,112,
AT4G07955.1,NA,207;329,182;290,208
AT4G07985.1,90,33;34;40,,15;44;45
AT4G08045.1,33;39,11;122;264,100,198
AT4G08065.1,NA,70;135,100;120;408,122;141;152;232;367
AT4G08075.1,NA,NA,NA,80
AT4G08085.1,NA,113,104;111,
AT4G08185.1,NA,NA,90;98,
AT4G08195.1,NA,107,,186
AT4G08205.1,133,,13;21;97;149;194,98
AT4G08215.1,249,246,112;217,
AT4G08255.1,NA,100;128,7;53;122,
AT4G08265.1,NA,47;256,38;164;246,84;296
AT4G08355.1,NA,201,62;138;219,166
AT4G08365.1,NA,42,120;123;153,37;45;155
AT4G08385.1,192,,195;235;412,174
AT4G08415.1,77,27;105;148;174;270,125,142;257
AT4G08435.1,NA,51;62,45,
AT4G08445.1,NA,90,,199
AT4G08465.1,NA,91;105,230;261,85;268
AT4G08475.1,NA,NA,47;113,151
AT4G08495.1,355,68;349;425;426,7;109;373;582,115;346;447;500
AT4G08505.1,192;497,,72;73;186;266;325,9;176;177;253;316;420;421
AT4G08515.1,NA,NA,126,
AT4G08525.1,NA,159;180;230;257,250;332;340,241
AT4G08565.1,NA,121,209;210;215,
AT4G08585.1,46,11;79;98;109,104,139
AT4G08595.1,NA,132;143;295,140;144,58
AT4G08635.1,NA,254;437;612,276,262;418;622
AT4G08665.1,NA,NA,61;102;108,
AT4G08715.1,NA,NA,15,
AT4G08725.1,NA,NA,37,
AT4G08775.1,NA,NA,150,6;207
AT4G08835.1,63;230,9;149;573;639;781,64;73;237;701;763,144;231;678;738;761
AT4G08845.1,145,90,35;127;136;222,146;152;226
AT4G08855.1,273;308,135;284;304;362,291;334,277;281;306
AT4G08865.1,NA,NA,97;130,
AT4G08885.1,225;269;314,358,219,
AT4G08915.1,NA,159,,
AT4G08955.1,NA,26,27;131,91;151;153
AT4G08965.1,NA,106,,119
AT4G08975.1,NA,NA,NA,NA
AT4G09005.1,NA,112,113;446,251;347
AT4G09015.1,NA,106,,
AT4G09025.1,NA,NA,NA,17
AT4G09045.1,NA,NA,84;461,456
AT4G09055.1,16,133;227,10;169;194,
AT4G09065.1,20;382,146;261;350,10;93;98;241,47;301
AT4G09075.1,NA,11;64;132,,14
AT4G09085.1,NA,NA,12,171;174
AT4G09105.1,91,,122;245;314,
AT4G09115.1,NA,169,,187
AT4G09125.1,NA,147,,201
AT4G09145.1,NA,199;323,,200
AT4G09155.1,135,16,,18;203;212
AT4G09175.1,NA,NA,14;380,427
AT4G09185.1,65,,166,
AT4G09235.1,NA,NA,298,
AT4G09240.1,NA,261;453;462;466;475;476,443,308;493
AT4G09265.1,NA,305;417,,20;94
AT4G09275.1,230,90,134,31;207
AT4G09285.1,NA,NA,103;108,
AT4G09295.1,NA,97;290;361,152;296;363;383,110
AT4G09305.1,NA,NA,NA,104;300
AT4G09315.1,133;138,,,6;74
AT4G09325.1,NA,NA,29;52,
AT4G09335.1,245,6,82;308,345
AT4G09395.1,NA,30;55,,
AT4G09415.1,NA,NA,96;272;376;393;441,273;457
AT4G09445.1,NA,94;121;137,122;134,89;130
AT4G09485.1,10;221,,,
AT4G09495.1,NA,10;109;153,8,87;111;141;146;148;167
AT4G09515.1,NA,NA,33,130;164;173
AT4G09525.1,193,,,
AT4G09555.1,373,597,20;21;444,22;197;353;359
AT4G09575.1,203,99;337,128;224,166;185;204;368
AT4G09605.1,NA,373;374,186;210;510,181;358
AT4G09635.1,NA,36,,
AT4G09645.1,NA,7;140,25;187;265,9;266
AT4G09655.1,267,219,,225
AT4G09665.1,NA,204;220,,361
AT4G09675.1,NA,NA,NA,NA
AT4G09705.1,NA,71;291,15;300,72
AT4G09725.1,91,89,,179;208
AT4G09755.1,224,,22,
AT4G09765.1,NA,172,,173
AT4G09825.1,NA,475,247;458,260
AT4G09855.1,373,,155;366,18;160
AT4G09865.1,NA,126,120;193,160;161;170
AT4G09885.1,NA,30;82,443,78;234;240
AT4G09895.1,NA,NA,38;88;206,32
AT4G09905.1,NA,NA,NA,18
AT4G09915.1,NA,195;206,175,154
AT4G09935.1,NA,NA,217,
AT4G09945.1,NA,110;113,105,10;89;107;135
AT4G09995.1,NA,57;246,,52;249;276
AT5G00730.1,NA,190;203;207;225;294,186;197;253,191;222
AT5G00735.1,310,119,84;180;182;228;299;311,143;188
AT5G00740.1,NA,86;88,93,
AT5G00745.1,NA,NA,130,
AT5G00770.1,NA,68,8;83;84;116;208,112
AT5G00775.1,NA,17;95,,86
AT5G00790.1,51,,202,
AT5G00795.1,210,33;212;234,37;51,134;204;235
AT5G00800.1,NA,172;174,16;115,22;181
AT5G00805.1,NA,14,236;249,
AT5G00810.1,NA,NA,NA,NA
AT5G00825.1,NA,78;93,162;184,163
AT5G00835.1,285,,67,136
AT5G00840.1,120,103;162;222,181;193,104
AT5G00845.1,NA,11,75,
AT5G00850.1,39,44,45,
AT5G00855.1,96,169,202,177;184;187
AT5G00910.1,353;447,408,25;400;440,309;347;406;443;448
AT5G00930.1,49,241,114;127;323,77
AT5G00935.1,NA,190,,97
AT5G00940.1,13;242,33;313,295,43;236;237
AT5G00950.1,130,,,182
AT5G00955.1,63;345,340,95;375;433,134;198;314;394;500;501;514;519
AT5G00960.1,209,89;231,129;192,123;193;238
AT5G00970.1,NA,48,139;162;172,
AT5G00975.1,62;272,53,183;421,177;178;273;469
AT5G00980.1,NA,210;238;285;409,,15;93;288;432
AT5G00985.1,NA,192,16;41;118,84
AT5G00995.1,206,,98;126;176,
AT5G01045.1,86,66;78;115,176,92
AT5G01055.1,NA,NA,90,
AT5G01065.1,NA,NA,236,
AT5G01105.1,16,10;29;64,298,73
AT5G01115.1,NA,NA,50;244,72
AT5G01155.1,222,,,219;466
AT5G01235.1,NA,22;95,115;158;180,23
AT5G01245.1,NA,196,181,
AT5G01275.1,NA,NA,275,
AT5G01285.1,NA,172;196;271,141;251,248
AT5G01325.1,NA,113,92;108,
AT5G01345.1,NA,500,105;115;365,12;386
AT5G01385.1,NA,39;49,46,44
AT5G01395.1,NA,187,,26;31
AT5G01405.1,317,223;310;328;448,,
AT5G01415.1,NA,NA,51;55,
AT5G01425.1,190;220;239,,83;130;214,
AT5G01455.1,177;194;296,171;175;183;220;228,114;202,196;201;222;242
AT5G01465.1,NA,NA,292,49;293;294;299
AT5G01475.1,93;280;291,169;259;266,8;95;189;211;214;243,9;244;293
AT5G01485.1,NA,NA,NA,NA
AT5G01535.1,74;160,80,71,145
AT5G01565.1,NA,NA,113,
AT5G01575.1,NA,NA,NA,NA
AT5G01585.1,NA,NA,168,
AT5G01605.1,NA,NA,NA,NA
AT5G01635.1,NA,NA,24;239;245,18;240;346
AT5G01655.1,59,,84,134;169
AT5G01665.1,NA,NA,92,103;200
AT5G01685.1,NA,283,111;132;210,
AT5G01695.1,NA,198;414;426,206,333
AT5G01705.1,196,26;316;319,322,146;505
AT5G01725.1,257;521,469,525;549,433;495
AT5G01775.1,395,188;311;407;442,313;517;559,71
AT5G01795.1,NA,170,237,101;117
AT5G01805.1,NA,NA,NA,37
AT5G01825.1,NA,133;263,220;268,181
AT5G10965.1,734;785;1164;1300;1627;2311,281;286;390;500;693;698;699;1415;1447;2291,354;633;704;728;731;939;1063;1692;1731;1880;1900;1922;1928;1929;2156;2224;2342,288;814;841;914;1093;1103;1675;1730;1733;1833;1895;2058
AT5G10965.2,734;785;1164;1300;1737;2421,281;286;390;500;693;698;699;1557;2401,354;633;704;728;731;939;1063;1525;1802;1841;1990;2010;2032;2038;2039;2266;2334;2452,288;814;841;914;1093;1103;1785;1840;1843;1943;2005;2168
AT5G10965.3,8;735;786;1165;1301;1738,20;282;287;391;501;694;699;700;1558,96;172;210;355;634;705;729;732;940;1064;1526;1803;1842;1892;1912;1934;1940;1941;2306,9;90;92;218;289;815;842;915;1094;1104;1786;1841;1844;1907;2070
AT5G10965.4,8;735;786;1165;1198;1525,20;282;287;391;501;694;699;700;1313;1345,96;172;210;355;634;705;729;732;940;1064;1590;1629;1679;1699;1721;1727;1728;2093,9;90;92;218;289;815;842;915;1094;1104;1573;1628;1631;1694;1857
AT5G10965.5,8;735;786;1165;1198;1635,20;282;287;391;501;694;699;700;1455,96;172;210;355;634;705;729;732;940;1064;1423;1700;1739;1789;1809;1831;1837;1838;2203,9;90;92;218;289;815;842;915;1094;1104;1683;1738;1741;1804;1967
AT5G01855.1,NA,122,247,37
AT5G01865.1,NA,31,,274
AT5G01875.1,306;312,226,94,
AT5G01885.1,17,70;314,,78;329
AT5G01925.1,NA,NA,62,53;56;63
AT5G01955.1,NA,NA,NA,NA
AT5G01965.1,NA,NA,NA,188
AT5G01975.1,NA,NA,NA,NA
AT5G01985.1,NA,NA,NA,NA
AT5G01995.1,NA,NA,265,292
AT5G02015.1,NA,NA,257,
AT5G02045.1,NA,NA,34;43;84,
AT5G02055.1,238,36,16;139,233
AT5G02075.1,319,234;463,204,273
AT5G02085.1,NA,NA,130,
AT5G02145.1,NA,NA,16,
AT5G02175.1,21,108,,
AT5G02185.1,NA,147,121;203,139;163
AT5G02205.1,NA,293;304,58;268,113;279;286
AT5G02215.1,NA,NA,NA,NA
AT5G02265.1,NA,NA,120;126,
AT5G02275.1,NA,NA,NA,235
AT5G02335.1,17;32,239,24;40;228,
AT5G02345.1,NA,NA,87;88,
AT5G02355.1,NA,83,45,
AT5G02365.1,NA,7,134,180
AT5G02375.1,NA,NA,NA,NA
AT5G02395.1,NA,NA,178,170
AT5G02405.1,NA,86,,299
AT5G02425.1,NA,260,187;188;449;512;513,52;124;448;457;651
AT5G02465.1,76;81,,101;140;143,72;82;133
AT5G02485.1,NA,NA,32,33
AT5G02495.1,NA,NA,NA,NA
AT5G02635.1,NA,295,161;299,257
AT5G02645.1,NA,NA,NA,NA
AT5G02685.1,NA,76,86;153,126;131;341
AT5G02715.1,142;257,50;60;140;197,100;264;274,55
AT5G02735.1,NA,228,,
AT5G02745.1,NA,161,264;299,309
AT5G02765.1,NA,145;287;335,330;341,317;332;342
AT5G02775.1,NA,NA,122,347
AT5G02785.1,NA,147,,
AT5G02795.1,NA,272,195,184
AT5G02805.1,NA,NA,77;86;234;239;245,236;281
AT5G02835.1,NA,62,155,156;281
AT5G02855.1,NA,226;231,27,
AT5G02865.1,276;481,306;320;361;769;774,455;704,367;395
AT5G02885.1,106,8,,107
AT5G02925.1,6,8;153;166,161,155
AT5G02935.1,430;473;485;537,187;205;260;452;458;496,52;62;265;466,55;104;190;199;492
AT5G02945.1,55,39,50;121;296,58
AT5G02955.1,NA,562;590,47;283;335;420;498;509;547;643,623
AT5G02965.1,NA,NA,74;77;89,78
AT5G02985.1,84;375;410,78,411;462,412
AT5G03005.1,NA,301;346;364,,197
AT5G03015.1,332,,22,23;103;117
AT5G03025.1,NA,147;152;158;249;281;307;481,204;346;408,186;252
AT5G03035.1,NA,NA,NA,NA
AT5G03045.1,NA,126;153,,156
AT5G03055.1,56,29;216,117;186;265;272,50;67;217
AT5G03065.1,NA,22,38,229
AT5G03075.1,NA,207,81;210;229,197
AT5G03085.1,NA,173,128;136;253,145;248
AT5G03095.1,NA,10,55,21
AT5G03105.1,60,252,54;255,56;62;262
AT5G03115.1,54;236,,,232;248
AT5G03125.1,NA,NA,152,
AT5G03135.1,18;41,7;252,132;177;375,
AT5G03155.1,NA,NA,47;163,30
AT5G03205.1,NA,434,136;223;388;393;429;459,175;219
AT5G03215.1,NA,NA,49;71;145,57
AT5G03275.1,99;145,,48;160;189,312
AT5G03295.1,NA,207,208,
AT5G03325.1,NA,13;46;55,,100
AT5G03335.1,NA,78;86;179;192,186;193;196;206;278,45
AT5G03385.1,NA,336;589,,101
AT5G03395.1,NA,NA,319,50;291
AT5G03405.1,191;288,,146,
AT5G03465.1,NA,NA,23,20;182
AT5G03485.1,NA,114;128,42;68,116
AT5G03515.1,138,65,152,11
AT5G03525.1,NA,238,16,
AT5G03535.1,NA,NA,NA,NA
AT5G03565.1,NA,NA,NA,NA
AT5G03575.1,NA,230,32;92;250;267;326,84;85;158
AT5G03595.1,NA,NA,153,13;112;125;205
AT5G03605.1,NA,NA,78;251,
AT5G03615.1,199,,82;206,
AT5G03625.1,358,103,48;51;80;127;241;434,130
AT5G03645.1,NA,NA,197,
AT5G03685.1,NA,16,22;24;233;257;287,27;59;89;124;171;242;275
AT5G03695.1,NA,39;374,7;103;490;522,17;95
AT5G03715.1,124;464,427,406;467,106;183;395
AT5G03735.1,46,48,,42
AT5G03755.1,NA,NA,118,169
AT5G03765.1,NA,NA,NA,125
AT5G03785.1,NA,24;73,13,8
AT5G03815.1,293,287,45;58,24
AT5G03845.1,NA,69,,77;86;314
AT5G03915.1,NA,NA,NA,NA
AT5G03925.1,75;89;143;291;299;377,11;70;92;102;166;215;282;385;412,111;174;292,95;257;287;432
AT5G03935.1,NA,NA,124;173;238,56
AT5G03945.1,NA,110,,14;33
AT5G03955.1,NA,123,,290
AT5G04025.1,NA,117,56,
AT5G04035.1,115;135,19;205,156;238,
AT5G04055.1,NA,NA,NA,NA
AT5G04065.1,NA,NA,121;167,237
AT5G04075.1,NA,NA,186,
AT5G04115.1,177;181,61;212,,220
AT5G04125.1,NA,NA,NA,NA
AT5G04135.1,170,106;162,199,131;149;150
AT5G04165.1,145,250;257;259;369,193;214,35;140;306;370
AT5G04195.1,NA,29,48;58;94,20;87;155;208;212
AT5G04205.1,187,344;393,149;153;198;373,81;190;193;341;375;397;399
AT5G04215.1,NA,138,206,29;251
AT5G04225.1,NA,NA,NA,120
AT5G04245.1,412;494;513;713,384;391;535;538,374;490;497;543;564,161;208;464;487;606;700
AT5G04325.1,558,253;388;390;471;477;509,21;110;267;313;319;380;439;579,248;254;312;409;472
AT5G04345.1,225,130,79;156;295,345
AT5G04355.1,426;784,159;175;180;310;315;466;495;545;586;629,478;526;580;617;809,134;135;348;444;504;520;568;866
AT5G04365.1,NA,70,50,52
AT5G04385.1,NA,72,79,
AT5G04405.1,439,293,128;321,73;317;318
AT5G04435.1,NA,NA,187,243
AT5G04445.1,136,179;204;368,13;247;405,139;175;241
AT5G04495.1,NA,NA,NA,NA
AT5G04505.1,NA,701,33,360;362;386;704
AT5G04515.1,390,252;336;387,212;509,167
AT5G04525.1,NA,156,86,80
AT5G04575.1,149,,,
AT5G04585.1,NA,NA,NA,65
AT5G04595.1,NA,NA,NA,NA
AT5G04605.1,NA,213,11;50;69;162;208;317;320,214;312
AT5G04615.1,NA,208,27;391,150
AT5G04625.1,NA,127;169,174;293;431;502,
AT5G04635.1,NA,264,136;234,92;236
AT5G04665.1,53;75;188;202;210;270;273,16;31;70;78;111;129;252;259;445,22;112;159;260;263,33;81;103;106;122
AT5G04675.1,295;400;418,158,192;213,7;190;219;273;403
AT5G04685.1,419,425,,53;232
AT5G04695.1,216,178;210,192,217;220;229
AT5G04705.1,236;248,387,222,120;172;402
AT5G04715.1,328,123;160;257;311,131;166,117;294;305
AT5G04725.1,NA,132;359,27;41;117;360;383,
AT5G04745.1,273;434,,16;103;200,123
AT5G04755.1,277,,66;205;231,232
AT5G04765.1,NA,23;158,18,
AT5G04775.1,NA,NA,91;185,
AT5G04785.1,NA,NA,177,150
AT5G04795.1,NA,127,34,
AT5G04815.1,86,79;281;413;506,83;155;183;453,118;209;473
AT5G04825.1,NA,NA,NA,255
AT5G04845.1,NA,NA,144,
AT5G04855.1,201,,,
AT5G04865.1,277,60;195;287,271,192;273
AT5G04925.1,12;21,53;230;343;768,71;91;251;354;461;594;702,13;23;38;73;81;194;325;589;677;762;763;938;974
AT5G05015.1,41;78;85,,112;148,82;214
AT5G05045.1,180;467,,25;461;480,159;174;354
AT5G05055.1,208;297,232;446,165;198;440;456;460,130;201;329;530
AT5G05065.1,NA,41,105,42
AT5G05075.1,28;56;382,264;288,218,71
AT5G05095.1,NA,12,9;55;280,275;287;296;381
AT5G05105.1,232,235,,
AT5G05125.1,NA,92;178,19;58;111,108;131
AT5G05135.1,101;140,,,
AT5G05155.1,NA,191,,29;66;73;81;227
AT5G05175.1,NA,19;200,192,63
AT5G05195.1,NA,122;350,,103
AT5G05205.1,NA,157;221,227,181
AT5G05215.1,112;121,83;86;108,,
AT5G05235.1,97,74;145;151,69,9
AT5G05255.1,NA,361,355,39;242;351
AT5G05265.1,NA,310,,163
AT5G05275.1,35,,36,10;38
AT5G05325.1,NA,15;223,96,
AT5G05335.1,NA,142,194,203
AT5G05395.1,NA,NA,NA,NA
AT5G05415.1,NA,NA,156,
AT5G05425.1,NA,196,188,157;175
AT5G05445.1,NA,NA,47;122;186;223,
AT5G05455.1,41;170,51;240,,112;328
AT5G05465.1,101,10,67;170,139;144
AT5G05475.1,212,110,213,149
AT5G05485.1,NA,142,89,
AT5G05495.1,127,,20,103;304
AT5G05515.1,100,,39;45,89;110
AT5G05525.1,NA,NA,99,116;123;225
AT5G05535.1,NA,NA,13;61,
AT5G05545.1,NA,45;223,41;74;127,
AT5G05555.1,NA,NA,53,191
AT5G05565.1,NA,NA,NA,NA
AT5G05585.1,NA,115;274,12;16;64,129;237
AT5G05605.1,NA,NA,128;135,
AT5G05625.1,NA,225,40;206,
AT5G05645.1,NA,67;329,272,
AT5G05665.1,NA,262,248;253,241;300
AT5G05685.1,8,214,45;184,105
AT5G05695.1,NA,NA,NA,NA
AT5G05705.1,23,,65,24
AT5G05745.1,NA,NA,23;51;53,205
AT5G05725.1,72;181;361;469,346,64;347;355;472;504,86;301;325;380;386
AT5G05755.1,NA,83,40;54,
AT5G05765.1,NA,NA,NA,NA
AT5G05805.1,NA,NA,NA,NA
AT5G05815.1,NA,98,173,122;191
AT5G05825.1,NA,9,14;108;157;216,10;36;42;44;104;159;217;241;242;259
AT5G05835.1,NA,63;81;209;214;381;399,106;215;218;235;359;394,186;228;236;320;375;395;400
AT5G05845.1,NA,NA,88;91;120,
AT5G05855.1,77,,11,
AT5G05875.1,NA,NA,19;40;52;269;339,
AT5G05885.1,NA,NA,NA,141
AT5G05895.1,294,54,114;523,19
AT5G05905.1,NA,NA,239,220
AT5G05925.1,NA,NA,437,
AT5G05935.1,258;365,132,169;225;251;252;287,8;197
AT5G05955.1,NA,NA,78,298
AT5G06005.1,NA,180,154,
AT5G06015.1,NA,NA,NA,NA
AT5G06025.1,NA,132;139;239;245,31;126,133;142
AT5G06035.1,NA,143;263,367,
AT5G06045.1,NA,NA,NA,NA
AT5G06065.1,NA,NA,25;57,27;120
AT5G06075.1,NA,NA,28;357,
AT5G06085.1,8,33;110,9,
AT5G06145.1,NA,439,,
AT5G06185.1,8,,279,84
AT5G06205.1,NA,35,119,308
AT5G06255.1,89;195,,258,97
AT5G06275.1,319,219,317,170;214;215;291
AT5G06285.1,422,111;322;376;412,114;402;413,8;26;319;324;375;434
AT5G06325.1,NA,317,282;352,171
AT5G06335.1,15;101;134,17,144;217,18;52;59;69;124;301
AT5G06345.1,164,,225,109;221
AT5G06365.1,NA,52,,46
AT5G06405.1,NA,221,,
AT5G06415.1,NA,106,108;135,169
AT5G06425.1,NA,NA,NA,NA
AT5G06435.1,NA,NA,194,172;189;209;287
AT5G06445.1,NA,388,267;271,138;346
AT5G06455.1,59,15,16;61;91;228,69;113;178;185
AT5G06465.1,392,385,20;60;504;569,114;500
AT5G06475.1,NA,393,,343
AT5G06495.1,115,,231,
AT5G06515.1,156;177,252,85;258;373;385,
AT5G06525.1,199;242,,300,129;244
AT5G06535.1,NA,71,,59;90
AT5G06545.1,NA,156;242,67;168,140
AT5G06575.1,NA,139,,102;167
AT5G06585.1,NA,NA,116,145
AT5G06595.1,NA,77,,466
AT5G06615.1,NA,38;119,215,93;248
AT5G06635.1,NA,183;189,,168
AT5G06655.1,194,220;385;409,202;350;431,403;426
AT5G06675.1,26,77;242,36,37
AT5G06705.1,NA,37;156;195,48,31;161;167;169
AT5G06715.1,NA,54;190,59,60
AT5G06735.1,NA,NA,6,
AT5G06745.1,NA,175,,
AT5G06765.1,NA,6;28;164,46;91;138;150,54
AT5G06775.1,202,127;133;183,246,94;128
AT5G06785.1,NA,50;103;262,41,
AT5G06795.1,NA,149,52,24;92
AT5G06845.1,245,96;240,,90
AT5G06855.1,196,71;270,,
AT5G06875.1,NA,194,177;365,28
AT5G06880.1,NA,NA,126;170,145
AT5G06885.1,NA,229;230;236,182,237
AT5G06915.1,NA,91,,
AT5G06925.1,NA,NA,105;209,
AT5G06935.1,NA,10;19;111,243;285,11;276
AT5G06945.1,NA,286,92;279;335;344,287;507
AT5G06965.1,NA,10;136;145,115,121
AT5G06975.1,NA,NA,92,109
AT5G06985.1,NA,7,65;243,8
AT5G06995.1,149,43,92,38
AT5G07005.1,NA,21,38,31
AT5G07035.1,297;744,222;686,290;291;332;561,132;344;372;680
AT5G07115.1,NA,144;195;230,48,191;208;231;266
AT5G07125.1,165;196;222,159;207,25;47;123;161;177,9;76;81;112;114;154;179;250
AT5G07145.1,228,171,,160
AT5G07155.1,231,265,6;115,262;270
AT5G07185.1,NA,267,,
AT5G07195.1,NA,NA,NA,247
AT5G07205.1,223,262;290,163,184
AT5G07255.1,NA,NA,24,
AT5G07295.1,NA,338,216;260,264
AT5G07325.1,48;217;444;469,129;135;168;226;310;355;372;394;508,97;158;227;513,130;236;312;373;471;516
AT5G07355.1,149,,129;163;339,150
AT5G07365.1,NA,38,,
AT5G07385.1,NA,148;253;313;327,,216;370
AT5G07395.1,200,94;117;127;132,95,
AT5G07425.1,56,19;183;314;498,129;161;328;357,61
AT5G07435.1,NA,NA,NA,NA
AT5G07445.1,180,172;186;275,47;54;268;269,29;45;67;155
AT5G07455.1,406;439,415;517,17,
AT5G07465.1,NA,243,123,85
AT5G07485.1,213,105,107,164;207
AT5G07495.1,NA,116;302,98;139,114;365
AT5G07535.1,NA,NA,NA,NA
AT5G07555.1,NA,137;158;173;320,122;176;327,
AT5G07565.1,NA,NA,199,
AT5G07575.1,68,341;448,11;377;401,186;432;472
AT5G07595.1,22;53,,54;90;106,
AT5G07585.1,NA,57,7;70;181;227,
AT5G07605.1,NA,NA,NA,NA
AT5G07615.1,NA,NA,119,137;162;239;264
AT5G07635.1,133,,,16
AT5G07665.1,NA,NA,99,63
AT5G07695.1,NA,87;153,90,296;360
AT5G07705.1,55,58;134,202;208,
AT5G07715.1,NA,NA,88;114,
AT5G07745.1,10;277,99;189;195;228,157;298,84;190
AT5G07785.1,NA,174;216,25;104;149,254
AT5G07795.1,97,,,
AT5G07805.1,228,,178,408
AT5G07815.1,305,,78;242,284
AT5G07825.1,156,165,86,
AT5G07835.1,NA,284,48;248,
AT5G07845.1,NA,58;258;328,133;178,40;134;184;321
AT5G07855.1,88,37,30;199,214
AT5G07865.1,166,,304;316;350,52;91;153;154
AT5G07905.1,NA,NA,NA,303
AT5G07915.1,NA,116;120,250,
AT5G07925.1,NA,NA,107;129;252,
AT5G07935.1,NA,NA,34,
AT5G07945.1,NA,106,65,
AT5G07955.1,236,243;353,247;255;291,94;389
AT5G07995.1,148,8;289,64,
AT5G08015.1,NA,223;259,254;286;290,287
AT5G08035.1,NA,206;266,207;314,208;219
AT5G08045.1,148,75;162,82;87;95,46;89;96;140;157;163
AT5G08065.1,56;107,66;68;89,91,101;103;293
AT5G08085.1,NA,30,,
AT5G08095.1,161,6;69,7,37
AT5G08105.1,326,331;367,6;125;143;327;374,62
AT5G08165.1,NA,318,181;193,
AT5G08195.1,NA,17;29,,99
AT5G08205.1,NA,80,,
AT5G08215.1,NA,NA,6,184;192
AT5G08225.1,NA,NA,103;113,
AT5G08265.1,198,,,162
AT5G08375.1,251,,,
AT5G08385.1,398,391,297,409
AT5G08395.1,212;478,190,213,
AT5G08435.1,NA,NA,47,13
AT5G08445.1,NA,NA,149;201;202,
AT5G08455.1,116,143,,
AT5G08465.1,NA,110;179,123,8;196;201;350
AT5G08475.1,NA,55,121,
AT5G08485.1,NA,280;318;344;371;453,203;357,124
AT5G08585.1,NA,193,124,
AT5G08595.1,NA,NA,152,95
AT5G08605.1,NA,NA,NA,NA
AT5G08645.1,144;149,,7;296,
AT5G08635.1,130,,230,415
AT5G08655.1,NA,NA,88,12
AT5G08665.1,NA,104;159,82,77;88;118
AT5G08675.1,209,,,
AT5G08685.1,170,,142;176,18
AT5G08705.1,NA,NA,NA,NA
AT5G08715.1,NA,58,33,40
AT5G08725.1,NA,NA,211;216,28
AT5G08735.1,NA,97,,
AT5G08745.1,27;44;108;215,77;109;190,,87;136;140;191;240
AT5G08755.1,21;111;227,430,131;136;164;175;218,158;220
AT5G08765.1,NA,273;350,208,232
AT5G08775.1,NA,390;424,127;406;446;659,425
AT5G08785.1,NA,NA,155,
AT5G08815.1,159,165,,
AT5G08845.1,93,20;66;264,,429
AT5G08855.1,NA,447,356,371
AT5G08890.1,NA,NA,NA,NA
AT5G08895.1,21,93,16;90;158,22;149;210;270
AT5G08900.1,NA,NA,NA,255
AT5G08905.1,NA,NA,NA,21
AT5G08910.1,13;40,75;164,,6;76;153;154;230
AT5G08915.1,NA,46,170,179
AT5G08930.1,NA,188;257,9;54;151,
AT5G08935.1,NA,NA,NA,42;284
AT5G08940.1,NA,NA,187;225,57;211;221
AT5G08945.1,NA,NA,121,
AT5G08955.1,NA,60,56;107;114,
AT5G08965.1,NA,124;426;432,35;222;297;372;380,97;365
AT5G08970.1,472,,,
AT5G08975.1,NA,304;527,9;126;243;268;415,181;467;521;524;532
AT5G08985.1,NA,64;67,,111
AT5G08995.1,NA,NA,78,
AT5G09015.1,NA,NA,22,204
AT5G09025.1,22,,,291
AT5G09035.1,NA,NA,NA,NA
AT5G09040.1,NA,104,,219;231;233
AT5G09045.1,NA,61;113,40;75;181,66
AT5G09050.1,127,134,,20;92;128
AT5G09055.1,280,9;321,36;77;386,56
AT5G09060.1,504,350;371;386,299;313;336;356;376;381;419;432,280;326;353;382;388;420;499
AT5G09065.1,224;604,25;164;520;611;765,360;482,21;75;79;197;352;525;612;679;758
AT5G09070.1,133,79,262,87
AT5G09085.1,NA,NA,211;376,142;198
AT5G09090.1,NA,552,124;521;602;647,127;562
AT5G09095.1,NA,NA,NA,115
AT5G09100.1,NA,40,221,
AT5G09105.1,219,122;228,65;109;222;325,60;92
AT5G09110.1,18,94;196,142;193,33;36;209
AT5G09125.1,403,67;172;408;411,10;144;527;595,68;69;145;165;293;364
AT5G09145.1,NA,45;216,113;122;181,34
AT5G09165.1,228,55,103,179
AT5G09170.1,NA,122;124,15;28;43;218,52;54;114;154;165;339
AT5G09190.1,7,12,32;225,13;128
AT5G09195.1,308,122,166;481;572,309
AT5G09200.1,64,68;129,326;339;341;366,321
AT5G09205.1,NA,NA,NA,NA
AT5G09215.1,159,71;111;187;253,,67;239
AT5G09235.1,220;300,368,155;242;248;369,80;215;370
AT5G09245.1,NA,NA,54,
AT5G09255.1,NA,NA,108,114
AT5G09265.1,NA,88,,74;211
AT5G09295.1,112,88;243;247;317;323,268;318,113;182;280;283;314
AT5G09305.1,NA,NA,NA,NA
AT5G09325.1,NA,37;137,59;129,
AT5G09335.1,36;181;284,145,10;50;93;139,60
AT5G09365.1,NA,NA,23;71;248;262,65
AT5G09375.1,40,227,69;124,11;118
AT5G09415.1,NA,214,183;191;221,56
AT5G09425.1,NA,148;159,156;176;193,177
AT5G09435.1,76;449,131;601,118;132;227,10;125;128;190;252;397
AT5G09455.1,12,,103,
AT5G09465.1,98,9;186;277;329,320,451
AT5G09475.1,NA,NA,60;80,63
AT5G09505.1,257,,206,
AT5G09545.1,241,251,181;205,291;343
AT5G09555.1,NA,NA,NA,238;239
AT5G09605.1,16,,60,
AT5G09615.1,NA,NA,103;142;154,149;374
AT5G09635.1,56,,,51
AT5G09645.1,NA,175;281,64,110;170
AT5G09665.1,NA,25;108,58,17
AT5G09675.1,30;42;54;316,,,322;323
AT5G09695.1,NA,180,,255;278
AT5G09705.1,NA,304,305,297;306
AT5G09715.1,NA,290;335,,112;205;352
AT5G09735.1,73,69,268,131;148
AT5G09765.1,NA,43,7;59;85;91,79
AT5G09775.1,162,133;288;412,128;311;377;409,171;209
AT5G09815.1,291,285,224,
AT5G09835.1,NA,202;231;277,,
AT5G09825.1,147;176,45,,131;268;308
AT5G09875.1,NA,NA,NA,NA
AT5G09885.1,223,124;149;219,123;241;270,217;234;235;236
AT5G09895.1,46;68;71;77,84;85;286,176,55;56
AT5G09915.1,116;147,,44;158,89;153;223
AT5G09955.1,NA,NA,194,296
AT5G09965.1,23;36;88;112,256;384,51;99;113;294,30;427
